date,vendor_id,chain_id,city_id,spec,successful_orders,fail_orders
2019-07-02,40065,7501,23,Sushi,54.0,1.0
2019-08-27,48058,33226,23,Shawarma,0.0,0.0
2019-09-25,35430,26220,25,Pizza,2.0,0.0
2019-09-21,56553,38601,23,Kebabs,1.0,0.0
2019-09-21,43919,30984,25,Sushi,6.0,0.0
2019-06-13,53006,36214,26,Georgian,2.0,0.0
2019-07-07,28982,20651,24,Sushi,0.0,1.0
2019-08-01,45472,30409,24,Burgers,37.0,4.0
2019-07-03,65358,43034,23,Russian,1.0,0.0
2019-09-19,60878,41231,23,Russian,4.0,0.0
2019-06-15,57094,38968,26,Pizza,3.0,0.0
2019-09-09,51224,31065,26,Shawarma,2.0,0.0
2019-08-17,45086,31545,23,Pizza,2.0,0.0
2019-06-15,43771,27316,25,Burgers,35.0,0.0
2019-07-14,18473,11886,24,Meat,2.0,0.0
2019-07-12,41145,29659,26,Pizza,1.0,0.0
2019-07-23,8465,4877,25,Sushi,4.0,0.0
2019-06-17,35659,26353,25,Meat,2.0,0.0
2019-09-11,52926,36164,23,Shawarma,1.0,0.0
2019-09-24,53692,36597,24,Vietnamese,7.0,0.0
2019-06-09,58331,39847,24,Russian,4.0,0.0
2019-06-25,50074,34479,23,Shawarma,3.0,0.0
2019-09-29,49442,34061,26,Russian,2.0,0.0
2019-07-15,36405,26847,23,Kebabs,9.0,1.0
2019-07-22,64130,37164,25,Meat,6.0,0.0
2019-09-27,56519,37877,23,Sandwiches,5.0,0.0
2019-09-10,39217,25818,25,Pizza,1.0,0.0
2019-09-18,57505,39258,26,Georgian,2.0,0.0
2019-06-15,9068,3323,26,Pizza,14.0,0.0
2019-08-12,62433,41772,25,Lunches,9.0,0.0
2019-07-24,35659,26353,25,Meat,1.0,0.0
2019-06-10,45142,31577,26,Pan-Asian,3.0,0.0
2019-07-28,35361,26170,23,Pizza,2.0,0.0
2019-06-23,43311,30687,24,Burgers,5.0,0.0
2019-08-25,41453,29807,26,Sushi,0.0,0.0
2019-08-20,59257,40407,24,Pizza,2.0,0.0
2019-08-17,45071,23027,25,Fish,3.0,0.0
2019-09-15,73304,36246,24,Georgian,3.0,0.0
2019-07-02,41130,29648,26,Vietnamese,5.0,0.0
2019-06-02,20967,14034,24,Pizza,90.0,3.0
2019-06-20,49070,33859,25,Sushi,11.0,0.0
2019-08-26,44416,30186,25,Burgers,34.0,0.0
2019-07-03,39066,28550,24,Sushi,10.0,0.0
2019-08-21,37986,27838,23,Russian,2.0,0.0
2019-07-13,16385,10371,26,Pies,1.0,0.0
2019-08-23,50600,34808,26,Meat,2.0,0.0
2019-09-16,70937,45518,23,Kebabs,1.0,0.0
2019-07-22,54446,37156,25,Meat,6.0,0.0
2019-08-21,53909,36751,25,Kebabs,12.0,0.0
2019-09-17,65862,43279,24,Russian,0.0,1.0
2019-08-31,62647,41884,26,Pizza,2.0,0.0
2019-07-03,61086,39006,26,Coffee and tea,1.0,0.0
2019-07-26,66582,36354,23,Sushi,1.0,1.0
2019-09-22,52092,35732,23,Sushi,2.0,0.0
2019-09-15,64793,42805,26,Kebabs,1.0,0.0
2019-08-28,49754,34277,23,Pizza,0.0,0.0
2019-09-10,30475,21906,24,Pizza,6.0,0.0
2019-07-08,45422,31712,26,Baking,4.0,0.0
2019-09-28,57319,39087,26,Shawarma,2.0,0.0
2019-08-23,57348,39137,24,Russian,1.0,0.0
2019-07-20,44278,31138,23,Sushi,12.0,0.0
2019-07-14,29376,21014,25,Sushi,16.0,2.0
2019-09-03,53947,36780,25,Dessert,6.0,0.0
2019-09-21,64425,35762,23,Russian,4.0,0.0
2019-07-25,40068,7501,23,Sushi,4.0,1.0
2019-07-06,65356,43034,23,Russian,1.0,0.0
2019-07-31,49659,26847,23,Kebabs,1.0,0.0
2019-09-13,47855,30729,25,Burgers,63.0,7.0
2019-06-02,59051,40280,26,Sushi,15.0,0.0
2019-09-29,61735,41537,24,Chinese,2.0,0.0
2019-08-22,61796,37246,26,Sandwiches,10.0,1.0
2019-09-08,59515,30729,25,Burgers,112.0,1.0
2019-09-09,11517,6869,26,Sushi,5.0,0.0
2019-08-16,12057,7240,26,Sushi,6.0,1.0
2019-08-16,47029,32543,23,Meat,7.0,2.0
2019-08-11,49754,34277,23,Pizza,2.0,0.0
2019-07-12,36014,26442,23,Pizza,7.0,0.0
2019-09-20,67139,36803,24,Sandwiches,2.0,0.0
2019-08-20,41693,29925,26,Burgers,22.0,1.0
2019-08-31,57054,38936,23,Kebabs,1.0,0.0
2019-08-08,61256,41388,24,Kebabs,1.0,0.0
2019-08-16,57343,39133,25,Sushi,7.0,0.0
2019-08-31,42199,30186,25,Burgers,12.0,0.0
2019-07-22,41726,29925,26,Burgers,9.0,0.0
2019-09-12,47029,32543,23,Meat,2.0,0.0
2019-07-24,53355,29925,26,Burgers,23.0,0.0
2019-09-12,12057,7240,26,Sushi,3.0,0.0
2019-08-18,55984,37203,23,Pizza,2.0,0.0
2019-07-04,37341,27383,25,Sushi,0.0,1.0
2019-06-29,44157,31065,26,Shawarma,7.0,0.0
2019-09-04,48191,33305,23,Sushi,2.0,0.0
2019-09-12,57343,39133,25,Sushi,3.0,0.0
2019-09-26,36688,27029,24,Kebabs,2.0,0.0
2019-09-27,44365,31162,26,Burgers,55.0,20.0
2019-07-18,51808,33403,23,Healthly food,3.0,0.0
2019-07-17,31644,22896,23,Pizza,9.0,0.0
2019-07-28,52681,36017,23,Sushi,0.0,0.0
2019-09-30,14180,8791,26,Kebabs,1.0,1.0
2019-09-16,53000,36208,23,Italian,1.0,0.0
2019-06-17,53355,29925,26,Burgers,32.0,2.0
2019-08-09,38451,28144,23,Sushi,1.0,0.0
2019-08-19,44287,31139,24,Sushi,1.0,0.0
2019-09-29,46308,32134,25,Kebabs,3.0,0.0
2019-07-04,55255,37719,26,Pizza,5.0,1.0
2019-09-14,47975,26148,25,Pizza,2.0,0.0
2019-06-07,53440,36440,26,Meat,1.0,0.0
2019-06-20,24156,16039,23,Pizza,23.0,2.0
2019-06-09,58869,40171,23,Dessert,4.0,0.0
2019-06-26,43917,30982,26,Russian,2.0,0.0
2019-09-01,73304,36246,24,Georgian,1.0,0.0
2019-07-28,57317,39087,26,Shawarma,5.0,0.0
2019-08-09,44116,30607,23,Burgers,51.0,1.0
2019-06-22,28982,20651,24,Sushi,3.0,0.0
2019-07-26,65943,30047,25,Burgers,4.0,0.0
2019-06-06,19079,4346,26,Sushi,2.0,0.0
2019-06-11,39878,29032,26,Sushi,3.0,0.0
2019-07-19,64103,42470,24,Pizza,1.0,0.0
2019-08-31,38301,28037,25,Sushi,1.0,1.0
2019-08-03,36688,27029,24,Kebabs,2.0,0.0
2019-09-19,53993,36803,24,Sandwiches,3.0,2.0
2019-07-09,42195,30186,25,Burgers,44.0,1.0
2019-09-10,67391,44071,23,Burgers,0.0,0.0
2019-06-22,23481,16176,25,Meat,1.0,0.0
2019-07-12,63051,42036,25,unknown,8.0,0.0
2019-09-29,52109,35732,23,Sushi,6.0,0.0
2019-07-16,39207,28639,26,Sushi,0.0,1.0
2019-08-05,49199,33945,25,Sushi,4.0,0.0
2019-09-01,64793,42805,26,Kebabs,1.0,0.0
2019-09-08,72168,45927,24,Fast food,1.0,0.0
2019-08-06,56896,29655,26,Meat,2.0,0.0
2019-07-16,25401,17786,26,Fish,1.0,0.0
2019-07-14,53615,36547,23,Burgers,5.0,0.0
2019-09-19,53913,36755,24,Sushi,2.0,0.0
2019-08-15,62988,42013,23,Sushi,3.0,0.0
2019-07-23,24156,16039,23,Pizza,15.0,1.0
2019-06-15,7201,4085,26,Fish,10.0,0.0
2019-08-09,40069,7501,23,Sushi,2.0,0.0
2019-09-12,52952,35762,23,Russian,1.0,0.0
2019-09-08,52097,35732,23,Sushi,3.0,0.0
2019-07-03,45805,31878,25,Georgian,7.0,0.0
2019-07-04,59009,40173,24,Fast food,0.0,1.0
2019-06-16,48952,33773,26,Georgian,3.0,0.0
2019-07-16,58303,39827,24,Chinese,5.0,0.0
2019-06-05,47837,33085,26,Pizza,3.0,0.0
2019-08-13,63187,42083,23,Russian,2.0,0.0
2019-08-16,52952,35762,23,Russian,5.0,0.0
2019-08-22,44632,31326,25,Sushi,0.0,0.0
2019-06-16,53642,36569,25,Sandwiches,35.0,0.0
2019-09-29,45378,30802,25,Burgers,8.0,0.0
2019-07-10,7153,4049,24,Sushi,14.0,3.0
2019-08-31,56759,38758,23,Kebabs,2.0,0.0
2019-08-04,58436,39911,25,Sushi,2.0,0.0
2019-09-18,72705,46112,24,Uzbek,6.0,0.0
2019-08-17,16385,10371,26,Pies,6.0,0.0
2019-09-30,46728,32362,23,Pizza,3.0,0.0
2019-07-06,29267,20920,24,Pizza,3.0,0.0
2019-07-27,40061,7501,23,Sushi,15.0,0.0
2019-07-16,44110,30607,23,Burgers,36.0,6.0
2019-09-05,69711,44910,25,Uzbek,6.0,0.0
2019-09-11,53886,36734,24,Meat,0.0,4.0
2019-08-22,48286,33373,25,Shawarma,1.0,0.0
2019-06-09,35535,26277,26,Georgian,1.0,0.0
2019-07-08,41134,29652,26,Mexican,1.0,0.0
2019-08-28,71022,36270,23,Japanese,12.0,2.0
2019-06-25,48430,33476,25,Pizza,0.0,1.0
2019-07-27,45707,31839,23,Georgian,1.0,0.0
2019-08-06,65636,32362,23,Pizza,3.0,0.0
2019-09-03,22281,15167,26,Sushi,15.0,0.0
2019-06-27,36688,27029,24,Kebabs,1.0,1.0
2019-06-27,36228,3323,26,Pizza,27.0,0.0
2019-09-18,12153,3158,25,Sushi,5.0,0.0
2019-08-28,56622,38654,24,Meat,1.0,0.0
2019-08-29,41145,29659,26,Pizza,1.0,0.0
2019-09-19,54613,37273,23,Lunches,17.0,0.0
2019-07-23,49070,33859,25,Sushi,3.0,1.0
2019-06-13,56461,38521,23,Georgian,3.0,0.0
2019-09-28,20972,14039,26,Pizza,89.0,3.0
2019-07-17,8063,4603,26,Pizza,16.0,0.0
2019-09-22,24152,16039,23,Pizza,16.0,0.0
2019-08-30,55953,38184,24,Italian,2.0,0.0
2019-08-16,65366,43034,23,Russian,8.0,0.0
2019-09-19,73404,46438,25,Russian,13.0,0.0
2019-07-05,56210,37877,23,Sandwiches,6.0,1.0
2019-06-24,44278,31138,23,Sushi,4.0,2.0
2019-08-04,7503,4234,26,Russian,2.0,0.0
2019-09-04,13629,8357,23,Pizza,12.0,0.0
2019-08-21,31493,22757,24,Kebabs,4.0,0.0
2019-09-16,40066,7501,23,Sushi,10.0,0.0
2019-08-22,48405,33460,24,Pizza,1.0,0.0
2019-08-25,41782,29996,25,Uzbek,1.0,0.0
2019-06-13,49504,34114,26,Pizza,2.0,0.0
2019-09-12,65366,43034,23,Russian,3.0,0.0
2019-09-13,55265,37727,26,Fast food,3.0,1.0
2019-09-07,55984,37203,23,Pizza,1.0,0.0
2019-09-24,52714,36045,23,Chinese,0.0,0.0
2019-08-24,44360,31162,26,Burgers,47.0,3.0
2019-08-24,71142,45630,25,Fast food,1.0,1.0
2019-08-29,63051,42036,25,unknown,7.0,1.0
2019-09-16,43104,30607,23,Burgers,76.0,2.0
2019-09-29,75772,47098,26,Japanese,1.0,0.0
2019-07-08,58080,39668,26,Sushi,0.0,1.0
2019-08-09,33264,24325,24,Burgers,1.0,0.0
2019-08-29,36014,26442,23,Pizza,1.0,0.0
2019-07-30,69065,28321,23,Burgers,0.0,0.0
2019-06-25,55666,37988,25,Sushi,8.0,0.0
2019-08-07,58448,39919,25,Sushi,1.0,0.0
2019-09-22,52102,35732,23,Sushi,3.0,0.0
2019-08-22,65606,37988,25,Sushi,2.0,0.0
2019-06-26,32241,23414,25,Sushi,1.0,0.0
2019-08-22,48500,33529,23,Sushi,3.0,0.0
2019-09-30,35414,26207,25,Sushi,6.0,0.0
2019-09-06,36688,27029,24,Kebabs,0.0,1.0
2019-08-23,54250,37005,23,Georgian,3.0,0.0
2019-08-20,35134,25968,25,Burgers,4.0,0.0
2019-09-18,51526,35402,25,Meat,2.0,0.0
2019-08-02,20972,14039,26,Pizza,172.0,8.0
2019-07-28,62995,42018,23,Shawarma,11.0,0.0
2019-08-20,67344,44037,23,Pizza,4.0,0.0
2019-06-20,8465,4877,25,Sushi,5.0,0.0
2019-08-06,47577,27332,26,Burgers,10.0,0.0
2019-06-06,43863,29925,26,Burgers,40.0,0.0
2019-09-03,44850,31417,24,Burgers,46.0,2.0
2019-06-11,55241,36803,24,Sandwiches,9.0,0.0
2019-07-22,46925,31529,23,Shawarma,1.0,0.0
2019-07-03,56523,38574,24,Kebabs,3.0,0.0
2019-09-13,56203,37877,23,Sandwiches,4.0,0.0
2019-06-24,27683,19664,25,Burgers,46.0,0.0
2019-06-17,7710,4346,26,Sushi,2.0,0.0
2019-07-17,54198,36968,26,Sushi,3.0,0.0
2019-08-16,71093,36270,23,Japanese,4.0,0.0
2019-07-09,54968,37521,23,Baking,1.0,0.0
2019-07-09,44974,31489,26,Vietnamese,1.0,0.0
2019-07-13,41695,29925,26,Burgers,109.0,0.0
2019-08-20,70990,45545,24,Shawarma,2.0,1.0
2019-08-22,61039,41289,24,Pizza,2.0,0.0
2019-07-19,41152,29666,26,Meat,3.0,0.0
2019-07-24,7710,4346,26,Sushi,3.0,0.0
2019-06-03,48987,33800,23,Sushi,2.0,0.0
2019-06-04,52947,35762,23,Russian,14.0,0.0
2019-08-07,59228,31712,26,Baking,3.0,1.0
2019-08-19,36622,26980,24,Pizza,5.0,0.0
2019-06-05,7654,4313,23,Sushi,59.0,7.0
2019-07-14,48286,33373,25,Shawarma,7.0,0.0
2019-08-07,56207,37877,23,Sandwiches,1.0,0.0
2019-09-12,71093,36270,23,Japanese,5.0,0.0
2019-08-28,69654,41644,23,Italian,6.0,0.0
2019-07-30,53896,36741,25,Sushi,1.0,0.0
2019-07-19,38621,28259,24,Sushi,19.0,1.0
2019-07-13,35688,26370,24,Baking,2.0,0.0
2019-08-28,71084,36270,23,Japanese,9.0,2.0
2019-09-01,49324,31417,24,Burgers,11.0,3.0
2019-09-19,42860,26442,23,Pizza,2.0,0.0
2019-07-29,38335,28054,25,Sushi,3.0,1.0
2019-08-28,63041,42032,23,unknown,4.0,0.0
2019-08-30,59263,40413,26,Pizza,1.0,0.0
2019-08-17,71021,36270,23,Japanese,1.0,0.0
2019-06-21,13629,8357,23,Pizza,20.0,0.0
2019-07-23,42276,30227,23,Sushi,6.0,0.0
2019-08-12,48929,33759,23,Fast food,3.0,0.0
2019-06-14,53122,36273,26,Italian,2.0,1.0
2019-07-22,18463,11886,24,Meat,5.0,0.0
2019-08-22,53615,36547,23,Burgers,4.0,0.0
2019-08-13,61256,41388,24,Kebabs,2.0,0.0
2019-07-18,46413,32204,26,Fast food,1.0,0.0
2019-08-20,42387,30281,24,Kebabs,2.0,0.0
2019-06-25,57312,39087,26,Shawarma,5.0,0.0
2019-09-11,57273,39087,26,Shawarma,0.0,1.0
2019-07-11,38454,28146,23,Sushi,8.0,1.0
2019-06-08,35823,26442,23,Pizza,7.0,0.0
2019-08-12,38459,28146,23,Sushi,6.0,0.0
2019-07-23,43603,30802,25,Burgers,4.0,2.0
2019-06-10,53909,36751,25,Kebabs,20.0,0.0
2019-06-26,43103,30607,23,Burgers,6.0,4.0
2019-09-14,52946,35762,23,Russian,10.0,0.0
2019-09-20,73995,46729,23,Sushi,9.0,0.0
2019-07-17,59649,40622,23,Lunches,4.0,0.0
2019-08-12,53418,36426,25,Sushi,5.0,0.0
2019-07-04,40059,7501,23,Sushi,29.0,2.0
2019-06-09,62244,41644,23,Italian,0.0,3.0
2019-09-11,52104,35732,23,Sushi,2.0,0.0
2019-06-30,27683,19664,25,Burgers,18.0,0.0
2019-09-21,54277,36803,24,Sandwiches,7.0,1.0
2019-08-24,53238,36354,23,Sushi,0.0,0.0
2019-09-10,11269,6753,26,Sushi,12.0,0.0
2019-08-14,24152,16039,23,Pizza,12.0,2.0
2019-08-21,45142,31577,26,Pan-Asian,4.0,0.0
2019-09-20,41234,29690,26,Italian,4.0,0.0
2019-09-08,59783,40708,25,Russian,2.0,0.0
2019-08-11,63041,42032,23,unknown,2.0,0.0
2019-06-25,42200,30186,25,Burgers,2.0,0.0
2019-06-15,57473,39231,26,Sandwiches,6.0,0.0
2019-08-31,62564,41845,25,Fast food,2.0,0.0
2019-09-28,42388,30281,24,Kebabs,1.0,1.0
2019-07-18,65954,43223,23,Fast food,1.0,0.0
2019-07-14,65606,37988,25,Sushi,4.0,0.0
2019-06-10,37986,27838,23,Russian,1.0,0.0
2019-08-11,69654,41644,23,Italian,9.0,0.0
2019-08-22,69538,44840,23,Kebabs,4.0,0.0
2019-08-06,60217,40944,25,Sushi,1.0,0.0
2019-08-18,60325,40968,26,Kebabs,2.0,0.0
2019-07-21,40742,29427,25,Sushi,15.0,0.0
2019-09-20,49829,34340,26,Pizza,1.0,0.0
2019-07-10,39878,29032,26,Sushi,0.0,1.0
2019-09-15,49324,31417,24,Burgers,21.0,3.0
2019-09-03,12274,7398,24,Sushi,14.0,0.0
2019-07-04,22063,14970,26,Pizza,6.0,1.0
2019-08-02,42388,30281,24,Kebabs,4.0,0.0
2019-07-01,53819,36687,26,Soups,4.0,0.0
2019-06-12,52102,35732,23,Sushi,1.0,0.0
2019-08-19,66714,43476,24,Sushi,1.0,0.0
2019-07-01,45319,31661,23,Burgers,8.0,0.0
2019-07-28,59062,40289,23,Kebabs,3.0,0.0
2019-09-21,60162,40922,25,Uzbek,4.0,0.0
2019-09-13,67512,44028,24,Shawarma,10.0,0.0
2019-09-24,57505,39258,26,Georgian,1.0,1.0
2019-09-09,52203,35757,26,Fast food,11.0,0.0
2019-08-14,52102,35732,23,Sushi,1.0,0.0
2019-06-05,50435,34694,23,Sushi,3.0,0.0
2019-06-19,54170,27181,24,Burgers,31.0,1.0
2019-09-18,53692,36597,24,Vietnamese,7.0,0.0
2019-06-02,58332,39847,24,Russian,1.0,0.0
2019-09-17,57641,36278,26,Shawarma,2.0,0.0
2019-08-17,41695,29925,26,Burgers,152.0,0.0
2019-08-01,43106,30607,23,Burgers,16.0,0.0
2019-06-16,25353,17745,24,Sushi,1.0,0.0
2019-07-02,45348,31677,23,Russian,3.0,0.0
2019-08-22,29376,21014,25,Sushi,26.0,0.0
2019-08-10,61269,41394,24,Pasta and risotto,0.0,1.0
2019-06-06,44190,31065,26,Shawarma,6.0,1.0
2019-09-10,43707,30868,24,Kebabs,1.0,0.0
2019-06-11,7153,4049,24,Sushi,12.0,1.0
2019-08-20,43410,30729,25,Burgers,42.0,2.0
2019-09-17,44354,31162,26,Burgers,37.0,5.0
2019-07-13,52473,35732,23,Sushi,1.0,0.0
2019-09-05,52958,36176,23,Pies,1.0,0.0
2019-08-26,67256,43981,23,Breakfast,1.0,0.0
2019-08-15,44112,30607,23,Burgers,38.0,7.0
2019-06-21,48191,33305,23,Sushi,1.0,0.0
2019-07-01,31543,22802,26,Baking,2.0,0.0
2019-09-21,56209,37877,23,Sandwiches,1.0,0.0
2019-08-14,52092,35732,23,Sushi,2.0,0.0
2019-08-17,35688,26370,24,Baking,2.0,0.0
2019-06-12,52092,35732,23,Sushi,2.0,0.0
2019-07-17,66932,36803,24,Sandwiches,0.0,1.0
2019-06-18,42463,30316,26,Sushi,3.0,0.0
2019-08-22,18473,11886,24,Meat,5.0,0.0
2019-08-12,36249,26727,25,Sushi,2.0,0.0
2019-06-13,36507,26902,24,Hot dogs,4.0,0.0
2019-06-10,31493,22757,24,Kebabs,3.0,0.0
2019-06-04,33491,4313,23,Sushi,15.0,0.0
2019-07-08,56118,35732,23,Sushi,8.0,0.0
2019-09-21,41240,29694,26,Burgers,10.0,0.0
2019-08-12,66768,43723,23,Italian,2.0,0.0
2019-09-24,72705,46112,24,Uzbek,3.0,0.0
2019-07-30,52078,16039,23,Pizza,7.0,0.0
2019-07-19,19666,12898,25,Chinese,9.0,1.0
2019-07-30,58330,39847,24,Russian,1.0,0.0
2019-06-20,43603,30802,25,Burgers,10.0,0.0
2019-07-26,48285,33373,25,Shawarma,1.0,0.0
2019-09-26,68065,44004,23,Shawarma,1.0,0.0
2019-09-24,12153,3158,25,Sushi,9.0,0.0
2019-06-18,48932,33762,23,Baking,3.0,0.0
2019-08-07,29161,20821,26,Fish,1.0,0.0
2019-08-24,35580,26302,26,Sushi,6.0,0.0
2019-09-07,60325,40968,26,Kebabs,1.0,0.0
2019-07-15,45283,31646,26,Burgers,1.0,0.0
2019-06-05,21384,14355,25,Sushi,2.0,0.0
2019-09-15,41074,29087,23,Sushi,1.0,0.0
2019-06-26,49678,34222,23,Meat,5.0,0.0
2019-08-31,61313,36803,24,Sandwiches,2.0,0.0
2019-08-26,54804,37386,23,Fast food,1.0,0.0
2019-08-06,33314,24369,25,Sushi,2.0,0.0
2019-08-08,63187,42083,23,Russian,3.0,0.0
2019-06-28,48415,33465,25,Meat,4.0,0.0
2019-07-14,61796,37246,26,Sandwiches,12.0,1.0
2019-09-02,46413,32204,26,Fast food,3.0,0.0
2019-07-20,27683,19664,25,Burgers,12.0,0.0
2019-09-30,63478,33460,24,Pizza,1.0,0.0
2019-08-30,65337,43034,23,Russian,2.0,0.0
2019-08-20,51221,31065,26,Shawarma,13.0,0.0
2019-09-23,73455,46469,24,Pizza,3.0,0.0
2019-07-10,55241,36803,24,Sandwiches,10.0,2.0
2019-08-20,65815,43263,26,Sushi,7.0,1.0
2019-07-18,16353,10348,25,Pizza,3.0,0.0
2019-07-27,67154,43909,24,Soups,1.0,0.0
2019-08-17,31508,22769,23,Sushi,5.0,1.0
2019-09-13,74486,26274,25,Russian,5.0,0.0
2019-08-14,45351,31679,23,Vietnamese,5.0,0.0
2019-06-22,49809,34321,23,Burgers,7.0,0.0
2019-09-17,55271,37733,24,Pizza,0.0,1.0
2019-09-20,75150,47278,24,Sushi,1.0,0.0
2019-09-10,46085,28550,24,Sushi,2.0,0.0
2019-06-12,45351,31679,23,Vietnamese,3.0,0.0
2019-06-26,16421,10405,26,Meat,3.0,0.0
2019-06-22,44315,31154,24,Sushi,5.0,0.0
2019-07-29,65419,43050,24,Fast food,3.0,0.0
2019-06-16,62268,26207,25,Sushi,5.0,0.0
2019-06-26,57753,39436,26,Lunches,4.0,0.0
2019-06-28,44851,31417,24,Burgers,33.0,1.0
2019-08-12,52820,35732,23,Sushi,2.0,0.0
2019-08-26,43803,30918,26,Russian,1.0,0.0
2019-07-02,55307,37755,26,Sushi,22.0,0.0
2019-09-16,67346,40552,26,Dessert,1.0,0.0
2019-08-31,42681,30408,23,Burgers,22.0,0.0
2019-07-01,53993,36803,24,Sandwiches,4.0,1.0
2019-07-10,56519,37877,23,Sandwiches,6.0,0.0
2019-07-28,67256,43981,23,Breakfast,4.0,0.0
2019-07-28,54967,37521,23,Baking,1.0,0.0
2019-09-15,57704,39400,24,Russian,1.0,1.0
2019-07-04,7502,4234,26,Russian,3.0,0.0
2019-06-27,26324,17079,23,Sushi,30.0,1.0
2019-09-14,44031,3066,25,Pizza,14.0,0.0
2019-07-05,50581,29888,25,Pizza,2.0,0.0
2019-09-08,22517,15356,24,Japanese,2.0,0.0
2019-09-20,52947,35762,23,Russian,7.0,0.0
2019-08-25,69711,44910,25,Uzbek,6.0,0.0
2019-08-21,38037,27874,24,Sushi,9.0,0.0
2019-09-05,41782,29996,25,Uzbek,5.0,0.0
2019-06-25,35580,26302,26,Sushi,7.0,1.0
2019-09-12,62983,42011,23,Meat,1.0,0.0
2019-07-16,45358,31681,26,Sushi,1.0,0.0
2019-07-11,8465,4877,25,Sushi,4.0,0.0
2019-09-17,7201,4085,26,Fish,13.0,0.0
2019-08-04,67520,44128,24,Breakfast,1.0,0.0
2019-08-22,71429,45780,24,Hummus,1.0,0.0
2019-07-03,41678,29925,26,Burgers,34.0,2.0
2019-09-10,73483,46484,23,Japanese,1.0,0.0
2019-08-07,56896,29655,26,Meat,6.0,0.0
2019-06-28,33309,24369,25,Sushi,2.0,0.0
2019-09-17,73279,46376,23,Pies,1.0,0.0
2019-07-27,31901,17079,23,Sushi,17.0,2.0
2019-07-01,60878,41231,23,Russian,1.0,0.0
2019-08-10,44370,31162,26,Burgers,19.0,8.0
2019-07-25,14336,8913,24,Burgers,4.0,0.0
2019-09-02,55499,37875,25,Pizza,1.0,0.0
2019-07-28,54804,37386,23,Fast food,1.0,0.0
2019-07-03,41586,29888,25,Pizza,1.0,0.0
2019-08-30,71014,36270,23,Japanese,4.0,0.0
2019-08-16,62983,42011,23,Meat,2.0,0.0
2019-09-24,55036,37554,26,Baking,0.0,0.0
2019-08-04,19079,4346,26,Sushi,1.0,0.0
2019-09-01,57704,39400,24,Russian,2.0,1.0
2019-07-14,54361,37094,26,Indian,2.0,0.0
2019-08-20,59660,40630,23,Burgers,1.0,0.0
2019-07-10,44365,31162,26,Burgers,9.0,0.0
2019-07-07,49809,34321,23,Burgers,2.0,0.0
2019-08-22,63709,42224,26,Russian,1.0,0.0
2019-06-15,42576,30383,23,Pizza,0.0,1.0
2019-08-25,43862,28498,23,Sushi,3.0,0.0
2019-08-27,71024,36270,23,Japanese,1.0,0.0
2019-06-15,39016,28522,25,Pizza,0.0,2.0
2019-07-18,59648,40622,23,Lunches,3.0,1.0
2019-08-23,66076,42616,25,Russian,8.0,0.0
2019-06-22,45665,31821,23,Dessert,1.0,0.0
2019-06-24,35430,26220,25,Pizza,2.0,0.0
2019-07-16,56118,35732,23,Sushi,1.0,0.0
2019-09-22,55450,37838,25,Sushi,5.0,1.0
2019-06-16,54607,37268,24,Dessert,2.0,0.0
2019-07-07,44315,31154,24,Sushi,1.0,0.0
2019-07-02,62854,41962,26,Uzbek,0.0,2.0
2019-09-09,45283,31646,26,Burgers,1.0,0.0
2019-07-09,63970,42402,25,Sushi,1.0,0.0
2019-09-21,54078,36883,23,Sushi,2.0,0.0
2019-08-19,59333,40448,23,Sushi,1.0,0.0
2019-09-06,26324,17079,23,Sushi,13.0,4.0
2019-09-12,41697,29925,26,Burgers,73.0,3.0
2019-07-19,63103,42051,24,Georgian,1.0,0.0
2019-08-28,42673,30408,23,Burgers,7.0,0.0
2019-08-14,54039,36852,26,Meat,1.0,0.0
2019-09-08,51918,35663,23,Italian,1.0,0.0
2019-07-13,31508,22769,23,Sushi,4.0,0.0
2019-09-13,44965,31486,23,Dessert,1.0,0.0
2019-07-19,59051,40280,26,Sushi,6.0,0.0
2019-08-14,49563,34160,26,Healthly food,3.0,0.0
2019-08-11,56544,38592,23,Kebabs,3.0,0.0
2019-08-07,65636,32362,23,Pizza,3.0,0.0
2019-07-05,62717,41922,23,Pizza,2.0,0.0
2019-08-05,42378,30186,25,Burgers,25.0,2.0
2019-07-11,49070,33859,25,Sushi,4.0,0.0
2019-07-05,47746,33022,24,Fast food,7.0,0.0
2019-08-16,41697,29925,26,Burgers,54.0,1.0
2019-07-18,55499,37875,25,Pizza,2.0,0.0
2019-08-24,57312,39087,26,Shawarma,3.0,1.0
2019-07-03,59553,38521,23,Georgian,1.0,0.0
2019-08-18,71026,36270,23,Japanese,4.0,0.0
2019-09-27,7153,4049,24,Sushi,10.0,0.0
2019-09-07,56106,38303,24,Kebabs,1.0,0.0
2019-08-12,52944,35762,23,Russian,1.0,0.0
2019-09-30,55178,37667,23,Fast food,2.0,0.0
2019-08-08,38467,28151,25,Pizza,16.0,1.0
2019-07-13,8625,5012,25,Korean,4.0,0.0
2019-06-06,58436,39911,25,Sushi,1.0,0.0
2019-09-21,56376,28632,23,Burgers,1.0,0.0
2019-08-02,53412,36426,25,Sushi,39.0,0.0
2019-09-04,4796,2726,25,Pizza,28.0,0.0
2019-07-30,45167,31590,23,Sushi,2.0,0.0
2019-06-23,53423,36431,25,Shashlik,1.0,0.0
2019-08-09,3771,2083,26,Russian,12.0,2.0
2019-08-31,20805,13890,26,Pizza,1.0,0.0
2019-09-25,44278,31138,23,Sushi,4.0,0.0
2019-09-23,35659,26353,25,Meat,3.0,0.0
2019-09-20,49320,31417,24,Burgers,35.0,6.0
2019-08-12,60542,41073,23,Pizza,3.0,0.0
2019-07-23,49572,34166,25,Vegetarian menu,1.0,0.0
2019-06-21,53229,35732,23,Sushi,1.0,0.0
2019-09-02,16353,10348,25,Pizza,4.0,0.0
2019-08-26,71018,36270,23,Japanese,5.0,0.0
2019-06-17,35823,26442,23,Pizza,5.0,0.0
2019-08-06,58448,39919,25,Sushi,2.0,0.0
2019-07-09,12417,7501,23,Sushi,26.0,0.0
2019-09-17,57094,38968,26,Pizza,2.0,0.0
2019-09-03,44739,2726,25,Pizza,3.0,0.0
2019-07-24,35823,26442,23,Pizza,3.0,0.0
2019-09-16,52078,16039,23,Pizza,22.0,0.0
2019-09-11,48969,33784,25,Burgers,21.0,0.0
2019-06-09,47250,32692,26,Healthly food,1.0,0.0
2019-07-11,24156,16039,23,Pizza,23.0,2.0
2019-09-04,47301,32732,26,Pizza,2.0,0.0
2019-07-09,59757,40693,25,Kebabs,1.0,0.0
2019-09-16,58330,39847,24,Russian,1.0,0.0
2019-08-07,47577,27332,26,Burgers,17.0,0.0
2019-08-23,36944,27181,24,Burgers,11.0,3.0
2019-06-28,64811,37386,23,Fast food,1.0,0.0
2019-07-01,53913,36755,24,Sushi,13.0,0.0
2019-07-29,44849,31417,24,Burgers,40.0,5.0
2019-06-10,57975,36907,26,Lunches,4.0,0.0
2019-09-26,26324,17079,23,Sushi,26.0,1.0
2019-06-29,35712,26380,23,Sushi,2.0,0.0
2019-08-26,59062,40289,23,Kebabs,1.0,0.0
2019-07-27,39976,29087,23,Sushi,3.0,0.0
2019-06-16,61812,40289,23,Kebabs,4.0,1.0
2019-08-03,26324,17079,23,Sushi,25.0,3.0
2019-07-01,54613,37273,23,Lunches,20.0,1.0
2019-06-25,53238,36354,23,Sushi,1.0,0.0
2019-08-28,56544,38592,23,Kebabs,1.0,0.0
2019-07-15,52203,35757,26,Fast food,7.0,0.0
2019-09-21,48349,33420,23,Sushi,41.0,0.0
2019-08-28,71082,36270,23,Japanese,5.0,0.0
2019-09-23,53355,29925,26,Burgers,18.0,0.0
2019-08-22,5342,3066,25,Pizza,14.0,1.0
2019-08-24,42200,30186,25,Burgers,19.0,5.0
2019-08-22,54455,37164,25,Meat,11.0,0.0
2019-09-20,33491,4313,23,Sushi,11.0,0.0
2019-06-09,52897,36154,23,Kebabs,2.0,0.0
2019-08-31,71443,45785,23,Sushi,3.0,0.0
2019-08-04,43863,29925,26,Burgers,25.0,8.0
2019-08-10,70394,45270,26,Burgers,2.0,2.0
2019-08-11,42673,30408,23,Burgers,10.0,2.0
2019-08-27,11486,6861,25,Sushi,4.0,0.0
2019-06-08,7710,4346,26,Sushi,2.0,0.0
2019-08-01,51235,31065,26,Shawarma,2.0,0.0
2019-07-19,20967,14034,24,Pizza,91.0,3.0
2019-06-09,22137,15041,25,Pizza,12.0,0.0
2019-08-24,71362,45749,26,Georgian,0.0,1.0
2019-07-16,41134,29652,26,Mexican,2.0,0.0
2019-08-27,37198,27303,23,Sushi,14.0,0.0
2019-09-14,44373,31162,26,Burgers,22.0,2.0
2019-06-16,41860,30047,25,Burgers,13.0,0.0
2019-09-22,49563,34160,26,Healthly food,4.0,0.0
2019-09-11,34670,25567,26,Italian,1.0,0.0
2019-09-18,55036,37554,26,Baking,1.0,0.0
2019-08-10,48412,31529,23,Shawarma,1.0,0.0
2019-09-04,55849,38126,24,Pasta and risotto,5.0,0.0
2019-08-08,46399,32193,23,Pizza,1.0,0.0
2019-07-27,65500,39009,24,Sandwiches,2.0,0.0
2019-06-29,61532,41480,25,Shawarma,4.0,0.0
2019-06-19,41231,29690,26,Italian,3.0,0.0
2019-06-12,61752,41545,25,Shawarma,6.0,0.0
2019-08-20,65375,35762,23,Russian,3.0,0.0
2019-08-17,56158,38333,25,Kebabs,0.0,1.0
2019-06-25,52399,35872,24,Pizza,1.0,0.0
2019-08-14,61752,41545,25,Shawarma,2.0,0.0
2019-09-26,42675,30408,23,Burgers,44.0,0.0
2019-08-17,64423,35762,23,Russian,4.0,0.0
2019-06-02,19666,12898,25,Chinese,3.0,0.0
2019-07-08,44110,30607,23,Burgers,38.0,1.0
2019-09-07,61281,41402,25,Pizza,10.0,0.0
2019-06-24,44464,31219,24,Burgers,1.0,0.0
2019-09-15,62811,41442,26,Russian,1.0,0.0
2019-08-30,42375,30186,25,Burgers,29.0,0.0
2019-08-25,56454,38515,26,Kebabs,1.0,0.0
2019-07-19,61249,41348,23,Kebabs,1.0,0.0
2019-07-08,58303,39827,24,Chinese,3.0,0.0
2019-06-26,53436,36439,24,Chinese,7.0,0.0
2019-06-27,48261,33359,26,Russian,1.0,1.0
2019-07-06,65125,42928,24,Pizza,2.0,0.0
2019-06-27,56220,38376,25,Georgian,7.0,0.0
2019-08-16,53614,36547,23,Burgers,3.0,0.0
2019-08-17,51219,31065,26,Shawarma,0.0,1.0
2019-08-03,42675,30408,23,Burgers,22.0,0.0
2019-08-16,71025,36270,23,Japanese,1.0,0.0
2019-06-11,56519,37877,23,Sandwiches,10.0,1.0
2019-08-01,45262,31634,26,Burgers,1.0,0.0
2019-07-05,56197,38361,23,Meat,3.0,0.0
2019-08-06,56207,37877,23,Sandwiches,3.0,0.0
2019-07-08,25401,17786,26,Fish,1.0,0.0
2019-09-12,53614,36547,23,Burgers,2.0,0.0
2019-06-10,36360,26823,25,Sushi,1.0,0.0
2019-09-12,71025,36270,23,Japanese,6.0,0.0
2019-09-19,45319,31661,23,Burgers,10.0,0.0
2019-09-10,74048,26819,25,Sandwiches,8.0,0.0
2019-06-29,38714,28321,23,Burgers,59.0,0.0
2019-08-06,59228,31712,26,Baking,1.0,0.0
2019-08-24,55666,37988,25,Sushi,6.0,0.0
2019-08-01,53105,36262,23,Italian,6.0,0.0
2019-09-11,48910,33742,25,Fast food,27.0,0.0
2019-07-12,53704,36072,26,Uzbek,1.0,0.0
2019-07-14,54455,37164,25,Meat,3.0,0.0
2019-08-29,69407,44780,26,Shawarma,1.0,0.0
2019-08-26,62995,42018,23,Shawarma,1.0,0.0
2019-09-18,75451,47404,23,Pies,2.0,0.0
2019-06-16,44160,31065,26,Shawarma,4.0,0.0
2019-08-20,64674,42754,25,Meat,14.0,0.0
2019-06-03,58052,39650,23,Fast food,1.0,0.0
2019-07-14,5342,3066,25,Pizza,6.0,0.0
2019-07-21,54575,37246,26,Sandwiches,13.0,0.0
2019-06-21,4796,2726,25,Pizza,25.0,0.0
2019-08-02,50468,34720,25,Fast food,1.0,0.0
2019-07-15,51237,31065,26,Shawarma,3.0,0.0
2019-06-10,38037,27874,24,Sushi,11.0,0.0
2019-08-01,56475,38535,23,Kebabs,2.0,1.0
2019-08-27,42377,30186,25,Burgers,2.0,0.0
2019-09-27,39878,29032,26,Sushi,10.0,0.0
2019-06-15,44354,31162,26,Burgers,66.0,1.0
2019-09-26,53627,36555,24,Burgers,3.0,0.0
2019-09-12,71151,45620,25,Fast food,1.0,0.0
2019-09-28,51225,31065,26,Shawarma,2.0,1.0
2019-08-03,53627,36555,24,Burgers,7.0,0.0
2019-07-23,38454,28146,23,Sushi,9.0,0.0
2019-07-11,43603,30802,25,Burgers,12.0,4.0
2019-08-15,42198,30186,25,Burgers,22.0,3.0
2019-09-13,57581,39322,24,Sushi,7.0,0.0
2019-09-06,56220,38376,25,Georgian,3.0,0.0
2019-09-06,48261,33359,26,Russian,1.0,0.0
2019-07-11,42276,30227,23,Sushi,1.0,0.0
2019-08-04,48843,28747,24,Burgers,2.0,0.0
2019-09-07,53296,36387,26,Soups,4.0,0.0
2019-07-20,59604,40596,25,Fast food,1.0,0.0
2019-09-03,54681,37308,23,Pizza,10.0,0.0
2019-09-17,12276,7400,24,Shashlik,6.0,0.0
2019-08-02,51225,31065,26,Shawarma,3.0,0.0
2019-09-07,24550,17079,23,Sushi,19.0,1.0
2019-09-25,27683,19664,25,Burgers,4.0,0.0
2019-08-27,71544,45823,23,Shashlik,3.0,2.0
2019-07-14,65637,37048,23,Georgian,1.0,0.0
2019-06-25,44360,31162,26,Burgers,72.0,3.0
2019-07-01,42860,26442,23,Pizza,3.0,0.0
2019-07-15,58281,39813,24,Sushi,1.0,0.0
2019-06-11,57675,39382,23,Kebabs,4.0,0.0
2019-07-17,52106,35732,23,Sushi,1.0,0.0
2019-06-22,63038,42032,23,unknown,5.0,0.0
2019-07-17,56213,37877,23,Sandwiches,2.0,1.0
2019-06-03,47972,33171,25,Fast food,1.0,0.0
2019-06-07,40068,7501,23,Sushi,6.0,0.0
2019-09-27,76395,42012,25,Russian,0.0,3.0
2019-07-16,45422,31712,26,Baking,5.0,0.0
2019-06-20,38454,28146,23,Sushi,12.0,0.0
2019-08-19,48931,33761,23,Meat,1.0,0.0
2019-08-19,38790,28379,26,Chinese,18.0,1.0
2019-09-09,36405,26847,23,Kebabs,5.0,0.0
2019-09-08,39109,28580,25,Baking,1.0,0.0
2019-07-26,64162,42500,26,Sushi,8.0,0.0
2019-08-26,35361,26170,23,Pizza,3.0,0.0
2019-09-22,45351,31679,23,Vietnamese,2.0,0.0
2019-08-19,42858,26442,23,Pizza,3.0,0.0
2019-08-23,41679,29925,26,Burgers,101.0,6.0
2019-08-01,62179,41703,25,Sushi,1.0,0.0
2019-09-28,56684,38685,26,Meat,1.0,1.0
2019-07-15,51224,31065,26,Shawarma,12.0,3.0
2019-09-02,44612,27303,23,Sushi,1.0,0.0
2019-09-17,57473,39231,26,Sandwiches,6.0,0.0
2019-07-13,64423,35762,23,Russian,24.0,0.0
2019-06-21,45141,31576,24,Burgers,1.0,0.0
2019-06-06,41132,29650,26,Russian,1.0,0.0
2019-08-30,19346,12602,26,Sushi,30.0,0.0
2019-08-04,44190,31065,26,Shawarma,1.0,0.0
2019-09-14,62041,41643,25,Sushi,1.0,0.0
2019-07-07,57058,38940,25,Georgian,5.0,0.0
2019-07-13,56158,38333,25,Kebabs,1.0,0.0
2019-07-07,57090,38966,25,Sushi,1.0,0.0
2019-07-28,44416,30186,25,Burgers,29.0,0.0
2019-09-23,71272,45695,26,Pizza,1.0,0.0
2019-08-10,67935,44305,23,Pizza,2.0,0.0
2019-08-18,61281,41402,25,Pizza,5.0,0.0
2019-09-15,48407,33460,24,Pizza,0.0,1.0
2019-08-26,63862,42358,26,Kebabs,1.0,0.0
2019-06-27,20898,13970,24,Pizza,1.0,0.0
2019-06-08,53355,29925,26,Burgers,39.0,2.0
2019-08-11,56294,38425,26,Uzbek,1.0,0.0
2019-07-13,51219,31065,26,Shawarma,0.0,1.0
2019-09-12,33356,24412,25,Pizza,1.0,0.0
2019-08-05,52867,36143,26,Georgian,1.0,0.0
2019-09-23,7710,4346,26,Sushi,4.0,0.0
2019-07-02,12526,7589,26,Kebabs,2.0,0.0
2019-07-06,46744,32373,24,Sushi,3.0,0.0
2019-07-23,67450,35734,25,Sushi,6.0,0.0
2019-07-27,47649,32969,26,Fast food,4.0,0.0
2019-08-21,57975,36907,26,Lunches,4.0,0.0
2019-08-24,50074,34479,23,Shawarma,2.0,0.0
2019-06-27,53627,36555,24,Burgers,23.0,0.0
2019-07-04,55224,37695,24,Burgers,6.0,0.0
2019-09-06,42675,30408,23,Burgers,49.0,3.0
2019-09-01,32237,23414,25,Sushi,1.0,0.0
2019-06-15,57641,36278,26,Shawarma,3.0,0.0
2019-08-21,66928,43550,24,Breakfast,0.0,1.0
2019-08-16,33356,24412,25,Pizza,2.0,0.0
2019-07-02,43599,29925,26,Burgers,1.0,1.0
2019-08-07,33314,24369,25,Sushi,1.0,0.0
2019-08-31,61208,41353,23,Kebabs,2.0,0.0
2019-09-27,55241,36803,24,Sandwiches,5.0,1.0
2019-09-26,56220,38376,25,Georgian,4.0,0.0
2019-08-19,42811,30467,26,Pizza,18.0,0.0
2019-09-08,65359,43034,23,Russian,1.0,0.0
2019-09-12,58036,39639,24,Pizza,1.0,3.0
2019-09-26,48261,33359,26,Russian,2.0,0.0
2019-07-30,40066,7501,23,Sushi,5.0,0.0
2019-09-11,43107,30607,23,Burgers,39.0,0.0
2019-08-16,58036,39639,24,Pizza,3.0,0.0
2019-06-05,49438,34060,26,Fast food,1.0,0.0
2019-06-30,59604,40596,25,Fast food,2.0,0.0
2019-08-26,57317,39087,26,Shawarma,3.0,0.0
2019-08-22,54361,37094,26,Indian,1.0,0.0
2019-08-27,45559,30607,23,Burgers,42.0,0.0
2019-07-30,43104,30607,23,Burgers,80.0,4.0
2019-07-06,55242,37709,24,Meat,1.0,0.0
2019-07-25,53440,36440,26,Meat,9.0,0.0
2019-08-28,56294,38425,26,Uzbek,5.0,0.0
2019-08-30,57315,39087,26,Shawarma,2.0,0.0
2019-06-03,38467,28151,25,Pizza,3.0,0.0
2019-09-20,49121,31681,26,Sushi,1.0,0.0
2019-06-14,50851,34944,24,Pizza,15.0,4.0
2019-06-02,41152,29666,26,Meat,2.0,0.0
2019-07-15,11517,6869,26,Sushi,3.0,0.0
2019-08-13,38467,28151,25,Pizza,10.0,0.0
2019-09-16,69065,28321,23,Burgers,3.0,0.0
2019-07-07,63038,42032,23,unknown,3.0,0.0
2019-07-06,37829,27726,26,Sushi,2.0,0.0
2019-08-18,53296,36387,26,Soups,5.0,1.0
2019-08-26,52681,36017,23,Sushi,2.0,0.0
2019-08-09,60140,40903,24,Sushi,2.0,1.0
2019-06-08,35659,26353,25,Meat,2.0,0.0
2019-09-01,48407,33460,24,Pizza,3.0,0.0
2019-08-03,48261,33359,26,Russian,2.0,0.0
2019-06-12,55450,37838,25,Sushi,4.0,0.0
2019-09-19,31543,22802,26,Baking,1.0,0.0
2019-08-06,29161,20821,26,Fish,2.0,0.0
2019-08-18,24550,17079,23,Sushi,17.0,1.0
2019-06-02,38621,28259,24,Sushi,14.0,1.0
2019-08-15,52950,35762,23,Russian,7.0,1.0
2019-06-16,54274,37025,26,Pizza,2.0,0.0
2019-06-22,57058,38940,25,Georgian,2.0,0.0
2019-09-06,53627,36555,24,Burgers,7.0,0.0
2019-09-15,32237,23414,25,Sushi,0.0,1.0
2019-08-17,43381,30720,23,Pizza,2.0,1.0
2019-08-03,56220,38376,25,Georgian,10.0,0.0
2019-06-22,57090,38966,25,Sushi,5.0,0.0
2019-08-24,48058,33226,23,Shawarma,1.0,0.0
2019-06-14,47797,33057,24,Soups,1.0,0.0
2019-07-26,43919,30984,25,Sushi,3.0,0.0
2019-09-09,54966,37521,23,Baking,1.0,0.0
2019-07-26,56553,38601,23,Shashlik,1.0,0.0
2019-06-24,61039,41289,24,Pizza,1.0,1.0
2019-08-30,59079,40305,25,Georgian,2.0,0.0
2019-07-15,57505,39258,26,Georgian,2.0,0.0
2019-08-14,50581,29888,25,Pizza,0.0,0.0
2019-09-02,55255,37719,26,Pizza,2.0,0.0
2019-08-26,49439,34061,26,Russian,1.0,0.0
2019-09-18,36405,26847,23,Kebabs,2.0,0.0
2019-09-06,46728,32362,23,Pizza,8.0,1.0
2019-08-30,64560,42701,24,Sushi,6.0,2.0
2019-08-22,27683,19664,25,Burgers,16.0,0.0
2019-08-28,38733,28334,25,Kebabs,2.0,0.0
2019-07-12,57903,32362,23,Pizza,1.0,0.0
2019-09-11,64675,42754,25,Meat,6.0,0.0
2019-06-27,35414,26207,25,Sushi,14.0,0.0
2019-09-16,60274,40969,26,Kebabs,6.0,0.0
2019-09-23,20805,13890,26,Pizza,1.0,0.0
2019-06-12,50581,29888,25,Pizza,3.0,0.0
2019-08-31,35659,26353,25,Meat,1.0,0.0
2019-09-25,60890,41235,26,Kebabs,1.0,0.0
2019-06-08,53902,36746,23,Dessert,0.0,0.0
2019-07-18,59009,40173,24,Fast food,3.0,0.0
2019-06-05,54291,37035,24,Sushi,5.0,0.0
2019-08-08,57792,39466,23,Pizza,0.0,1.0
2019-09-26,74252,46892,23,Shawarma,4.0,0.0
2019-09-13,67256,43981,23,Breakfast,2.0,0.0
2019-07-06,53412,36426,25,Sushi,10.0,0.0
2019-07-21,24156,16039,23,Pizza,15.0,1.0
2019-08-04,56721,38731,23,Uzbek,1.0,1.0
2019-06-19,61812,40289,23,Kebabs,1.0,1.0
2019-09-08,52472,35732,23,Sushi,0.0,1.0
2019-08-18,49437,2726,25,Pizza,3.0,0.0
2019-08-19,44359,31162,26,Burgers,60.0,5.0
2019-06-08,61208,41353,23,Kebabs,0.0,2.0
2019-07-24,62647,41884,26,Pizza,2.0,0.0
2019-06-29,12276,7400,24,Kebabs,14.0,0.0
2019-08-05,47301,32732,26,Pizza,1.0,0.0
2019-06-23,34712,25605,25,Sushi,2.0,0.0
2019-09-21,66582,36354,23,Sushi,1.0,0.0
2019-06-09,50851,34944,24,Pizza,8.0,0.0
2019-07-05,45351,31679,23,Vietnamese,3.0,0.0
2019-08-15,43707,30868,24,Kebabs,2.0,0.0
2019-07-26,64425,35762,23,Russian,3.0,0.0
2019-07-07,49324,31417,24,Burgers,21.0,1.0
2019-07-31,49497,34109,24,Burgers,5.0,0.0
2019-09-04,49107,33883,26,Dessert,2.0,0.0
2019-06-17,62647,41884,26,Pizza,2.0,0.0
2019-06-24,53615,36547,23,Burgers,6.0,1.0
2019-07-25,45378,30802,25,Burgers,21.0,6.0
2019-06-23,48969,33784,25,Burgers,37.0,0.0
2019-09-10,44112,30607,23,Burgers,39.0,0.0
2019-08-02,66982,43223,23,Fast food,2.0,0.0
2019-07-20,18473,11886,24,Meat,5.0,0.0
2019-06-17,42199,30186,25,Burgers,31.0,1.0
2019-09-19,48929,33759,23,Fast food,1.0,0.0
2019-06-27,46728,32362,23,Pizza,7.0,0.0
2019-09-07,23015,15809,25,Pizza,14.0,0.0
2019-09-06,71089,36270,23,Japanese,8.0,1.0
2019-09-19,38459,28146,23,Sushi,2.0,0.0
2019-07-24,57054,38936,23,Kebabs,1.0,0.0
2019-07-24,42199,30186,25,Burgers,7.0,0.0
2019-07-27,43825,16039,23,Pizza,13.0,0.0
2019-07-29,43599,29925,26,Burgers,20.0,3.0
2019-06-30,61039,41289,24,Pizza,2.0,0.0
2019-08-30,12416,7501,23,Sushi,37.0,0.0
2019-06-18,45530,31762,26,Georgian,4.0,0.0
2019-08-17,70135,33415,24,Shawarma,0.0,0.0
2019-08-10,50933,34992,25,Pizza,33.0,0.0
2019-08-05,4796,2726,25,Pizza,21.0,1.0
2019-08-31,53355,29925,26,Burgers,28.0,0.0
2019-09-23,71443,45785,23,Sushi,3.0,0.0
2019-09-26,14180,8791,26,Shashlik,1.0,0.0
2019-07-19,53219,36270,23,Japanese,5.0,0.0
2019-08-19,59955,40814,26,Sushi,1.0,0.0
2019-09-06,35414,26207,25,Sushi,10.0,1.0
2019-09-13,54804,37386,23,Fast food,3.0,0.0
2019-07-29,12526,7589,26,Kebabs,1.0,0.0
2019-06-22,49324,31417,24,Burgers,38.0,0.0
2019-07-03,18463,11886,24,Meat,5.0,1.0
2019-07-16,34715,25605,25,Sushi,11.0,0.0
2019-07-09,45707,31839,23,Georgian,2.0,0.0
2019-07-31,44373,31162,26,Burgers,17.0,1.0
2019-07-02,49723,34248,23,Sandwiches,2.0,0.0
2019-06-06,56475,38535,23,Kebabs,4.0,0.0
2019-08-07,45274,31640,24,Burgers,0.0,1.0
2019-07-21,49070,33859,25,Sushi,1.0,2.0
2019-09-12,40067,7501,23,Sushi,12.0,0.0
2019-06-06,53105,36262,23,Italian,7.0,0.0
2019-06-24,63760,42311,24,Pan-Asian,0.0,1.0
2019-08-03,14180,8791,26,Kebabs,1.0,0.0
2019-07-24,38301,28037,25,Sushi,3.0,1.0
2019-09-12,44788,31382,23,Georgian,13.0,0.0
2019-07-09,40061,7501,23,Sushi,25.0,0.0
2019-09-04,42378,30186,25,Burgers,26.0,1.0
2019-06-25,45559,30607,23,Burgers,46.0,1.0
2019-08-12,59008,40173,24,Fast food,2.0,0.0
2019-08-11,38733,28334,25,Kebabs,3.0,0.0
2019-06-30,53615,36547,23,Burgers,12.0,1.0
2019-07-23,43558,30780,24,Burgers,0.0,1.0
2019-07-20,29376,21014,25,Sushi,13.0,0.0
2019-08-08,32592,23746,25,Pizza,6.0,0.0
2019-08-20,39575,28859,25,Sushi,10.0,0.0
2019-08-16,44788,31382,23,Georgian,26.0,1.0
2019-07-14,44278,31138,23,Sushi,12.0,1.0
2019-08-10,60381,27181,24,Burgers,12.0,0.0
2019-08-23,35532,26274,25,Russian,13.0,0.0
2019-08-16,40067,7501,23,Sushi,12.0,0.0
2019-09-08,42240,30213,24,Shawarma,2.0,0.0
2019-08-03,68252,36569,25,Sandwiches,3.0,0.0
2019-06-24,29376,21014,25,Sushi,31.0,0.0
2019-08-21,41869,30055,26,Italian,2.0,1.0
2019-09-08,51760,32662,23,Shawarma,2.0,1.0
2019-07-08,60291,40978,23,Fast food,7.0,0.0
2019-08-06,42677,30408,23,Burgers,57.0,2.0
2019-09-06,74252,46892,23,Shawarma,3.0,0.0
2019-07-30,64396,37203,23,Pizza,2.0,0.0
2019-06-10,51223,31065,26,Shawarma,7.0,0.0
2019-09-03,52095,35732,23,Sushi,9.0,1.0
2019-09-23,42681,30408,23,Burgers,28.0,0.0
2019-07-28,44965,31486,23,Dessert,3.0,1.0
2019-09-09,55036,37554,26,Baking,4.0,0.0
2019-06-26,50852,34945,24,Pizza,1.0,0.0
2019-06-17,56759,38758,23,Shashlik,1.0,0.0
2019-08-03,46728,32362,23,Pizza,2.0,0.0
2019-09-27,7155,4051,24,Soups,4.0,0.0
2019-09-24,45283,31646,26,Burgers,1.0,0.0
2019-09-22,56197,38361,23,Meat,3.0,0.0
2019-06-20,43558,30780,24,Burgers,3.0,0.0
2019-09-07,58371,39862,23,Fast food,1.0,0.0
2019-06-13,59739,40677,26,Shawarma,12.0,0.0
2019-07-24,56759,38758,23,Kebabs,2.0,0.0
2019-09-29,40068,7501,23,Sushi,3.0,0.0
2019-06-26,41857,30045,25,Pizza,1.0,0.0
2019-08-29,57903,32362,23,Pizza,7.0,1.0
2019-07-15,12153,3158,25,Sushi,5.0,0.0
2019-08-04,43106,30607,23,Burgers,16.0,0.0
2019-06-25,37198,27303,23,Sushi,12.0,0.0
2019-06-19,54607,37268,24,Dessert,2.0,0.0
2019-08-14,47746,33022,24,Fast food,3.0,0.0
2019-07-27,42195,30186,25,Burgers,40.0,1.0
2019-06-18,3813,2117,24,Sushi,3.0,0.0
2019-06-17,44847,31415,25,Sandwiches,4.0,0.0
2019-09-11,42649,30407,25,Georgian,2.0,0.0
2019-09-26,46728,32362,23,Pizza,7.0,0.0
2019-07-24,44847,31415,25,Sandwiches,9.0,0.0
2019-06-18,4799,2726,25,Pizza,10.0,0.0
2019-07-05,49563,34160,26,Healthly food,2.0,0.0
2019-09-25,54361,37094,26,Indian,2.0,0.0
2019-09-19,66768,43723,23,Italian,4.0,0.0
2019-06-24,18473,11886,24,Meat,7.0,0.0
2019-08-11,65512,43109,24,Breakfast,1.0,0.0
2019-08-26,56203,37877,23,Sandwiches,4.0,0.0
2019-06-21,52867,36143,26,Georgian,3.0,0.0
2019-07-21,8465,4877,25,Sushi,3.0,0.0
2019-06-12,62717,41922,23,Pizza,1.0,0.0
2019-09-07,49437,2726,25,Pizza,8.0,0.0
2019-08-28,65493,43049,24,Kebabs,2.0,0.0
2019-06-12,47746,33022,24,Fast food,15.0,11.0
2019-09-26,68252,36569,25,Sandwiches,2.0,0.0
2019-06-27,14180,8791,26,Kebabs,3.0,1.0
2019-08-11,65793,43229,23,Sushi,2.0,0.0
2019-08-03,35414,26207,25,Sushi,8.0,0.0
2019-08-28,65793,43229,23,Sushi,2.0,0.0
2019-08-26,67512,44028,24,Shawarma,7.0,0.0
2019-08-18,23015,15809,25,Pizza,10.0,3.0
2019-08-17,54466,37174,24,Sushi,1.0,0.0
2019-08-11,65493,43049,24,Kebabs,4.0,0.0
2019-07-12,62513,41829,25,Sushi,1.0,0.0
2019-06-19,62268,26207,25,Sushi,3.0,0.0
2019-06-29,57473,39231,26,Sandwiches,9.0,0.0
2019-07-20,53615,36547,23,Burgers,15.0,0.0
2019-06-30,29376,21014,25,Sushi,14.0,0.0
2019-07-18,55255,37719,26,Pizza,4.0,0.0
2019-08-17,67631,44071,23,Burgers,0.0,0.0
2019-09-19,36249,26727,25,Sushi,1.0,0.0
2019-09-16,63756,42287,23,Pizza,1.0,1.0
2019-07-25,52109,35732,23,Sushi,11.0,0.0
2019-06-22,41074,29087,23,Sushi,4.0,0.0
2019-08-27,71142,45630,25,Fast food,5.0,2.0
2019-08-08,52105,35732,23,Sushi,4.0,0.0
2019-08-27,44360,31162,26,Burgers,48.0,0.0
2019-09-20,14558,9089,26,Fish,55.0,0.0
2019-06-05,35525,26271,25,Kebabs,18.0,0.0
2019-08-25,56573,38617,25,Shashlik,1.0,0.0
2019-07-25,61735,41537,24,Chinese,0.0,2.0
2019-08-09,54503,37203,23,Pizza,6.0,0.0
2019-08-07,52094,35734,25,Sushi,3.0,0.0
2019-07-15,51526,35402,25,Meat,11.0,0.0
2019-09-24,65365,43034,23,Russian,1.0,0.0
2019-09-28,76021,47688,25,Burgers,0.0,0.0
2019-08-15,11269,6753,26,Sushi,47.0,6.0
2019-07-20,61039,41289,24,Pizza,1.0,0.0
2019-07-04,51808,33403,23,Healthly food,9.0,0.0
2019-06-25,42377,30186,25,Burgers,19.0,0.0
2019-09-06,14180,8791,26,Kebabs,3.0,0.0
2019-08-09,59505,36803,24,Sandwiches,5.0,0.0
2019-06-26,61827,41576,25,Russian,1.0,0.0
2019-07-18,37341,27383,25,Sushi,0.0,1.0
2019-09-26,35414,26207,25,Sushi,18.0,1.0
2019-06-05,5260,2726,25,Pizza,14.0,0.0
2019-07-31,62041,41643,25,Sushi,1.0,0.0
2019-08-21,14406,8968,25,Sushi,10.0,0.0
2019-07-25,46308,32134,25,Kebabs,2.0,0.0
2019-06-30,18473,11886,24,Meat,5.0,0.0
2019-06-04,49182,33934,23,Russian,6.0,0.0
2019-09-02,22063,14970,26,Pizza,5.0,1.0
2019-08-18,41139,29655,26,Meat,1.0,0.0
2019-08-12,53993,36803,24,Sandwiches,4.0,1.0
2019-08-07,35824,26442,23,Pizza,5.0,0.0
2019-08-13,32592,23746,25,Pizza,5.0,0.0
2019-09-27,72771,46138,26,Pizza,1.0,0.0
2019-07-27,17050,10797,26,Pasta and risotto,5.0,0.0
2019-08-09,47584,29925,26,Burgers,23.0,4.0
2019-08-31,7710,4346,26,Sushi,1.0,0.0
2019-06-03,32592,23746,25,Pizza,10.0,0.0
2019-08-14,56197,38361,23,Meat,1.0,0.0
2019-08-29,50814,34109,24,Burgers,4.0,0.0
2019-06-12,56197,38361,23,Meat,1.0,1.0
2019-07-20,65606,37988,25,Sushi,4.0,0.0
2019-06-27,63478,33460,24,Pizza,1.0,1.0
2019-09-25,63709,42224,26,Russian,1.0,0.0
2019-09-01,28982,20651,24,Sushi,1.0,0.0
2019-06-14,22137,15041,25,Pizza,19.0,0.0
2019-06-29,7201,4085,26,Fish,15.0,0.0
2019-08-23,54680,37307,26,Chinese,7.0,0.0
2019-06-14,52897,36154,23,Kebabs,5.0,0.0
2019-09-28,46744,32373,24,Sushi,1.0,1.0
2019-08-28,52945,35762,23,Russian,2.0,0.0
2019-06-26,38755,28350,23,Shashlik,4.0,0.0
2019-08-23,53135,36278,26,Shawarma,4.0,1.0
2019-09-02,40059,7501,23,Sushi,33.0,1.0
2019-07-22,52293,35820,25,Russian,4.0,0.0
2019-07-10,60399,41002,25,Fast food,3.0,1.0
2019-06-23,43107,30607,23,Burgers,53.0,3.0
2019-08-16,42676,30408,23,Burgers,24.0,13.0
2019-08-27,12531,7594,26,Meat,2.0,0.0
2019-07-06,56684,38685,26,Meat,2.0,0.0
2019-09-10,62988,42013,23,Sushi,4.0,0.0
2019-07-02,44849,31417,24,Burgers,56.0,2.0
2019-06-20,40742,29427,25,Sushi,9.0,0.0
2019-08-04,61233,41371,23,Meat,1.0,0.0
2019-08-02,46744,32373,24,Sushi,1.0,0.0
2019-06-19,54274,37025,26,Pizza,1.0,0.0
2019-07-08,64437,35762,23,Russian,12.0,0.0
2019-07-05,61752,41545,25,Shawarma,11.0,0.0
2019-08-04,45472,30409,24,Burgers,22.0,0.0
2019-09-14,74086,46776,24,unknown,2.0,0.0
2019-09-16,55729,38031,23,unknown,1.0,0.0
2019-08-20,57936,39570,23,Italian,1.0,0.0
2019-09-25,71429,45780,24,Hummus,1.0,0.0
2019-09-12,42676,30408,23,Burgers,26.0,11.0
2019-06-14,47250,32692,26,Healthly food,1.0,0.0
2019-09-22,47746,33022,24,Fast food,3.0,0.0
2019-09-16,71244,45675,26,Pizza,2.0,0.0
2019-07-22,39066,28550,24,Sushi,2.0,1.0
2019-08-20,33433,5134,23,Sushi,13.0,0.0
2019-07-12,38660,28284,25,Pizza,1.0,0.0
2019-06-08,20805,13890,26,Pizza,1.0,0.0
2019-09-12,56628,38659,24,Kebabs,1.0,0.0
2019-07-26,54277,36803,24,Sandwiches,3.0,1.0
2019-07-08,12281,7404,24,Pies,2.0,0.0
2019-08-27,53238,36354,23,Sushi,1.0,0.0
2019-09-28,37829,27726,26,Sushi,4.0,0.0
2019-07-31,44031,3066,25,Pizza,9.0,0.0
2019-06-03,57792,39466,23,Pizza,2.0,0.0
2019-06-05,53244,36359,26,Pizza,1.0,0.0
2019-06-17,62564,41845,25,Fast food,1.0,0.0
2019-07-20,48286,33373,25,Shawarma,1.0,0.0
2019-09-15,28982,20651,24,Sushi,1.0,0.0
2019-07-22,61086,39006,26,Coffee and tea,1.0,0.0
2019-07-03,54446,37156,25,Meat,5.0,0.0
2019-08-02,55242,37709,24,Meat,1.0,0.0
2019-09-06,63478,33460,24,Pizza,2.0,0.0
2019-06-25,11486,6861,25,Sushi,27.0,1.0
2019-06-02,44988,31501,25,Russian,3.0,0.0
2019-08-06,68080,44344,24,Meat,1.0,0.0
2019-09-24,36405,26847,23,Kebabs,5.0,0.0
2019-09-23,61208,41353,23,Kebabs,2.0,0.0
2019-08-02,37829,27726,26,Sushi,7.0,0.0
2019-07-15,53692,36597,24,Vietnamese,4.0,0.0
2019-08-26,55265,37727,26,Fast food,2.0,0.0
2019-07-07,64793,42805,26,Kebabs,0.0,1.0
2019-07-28,57581,39322,24,Sushi,2.0,0.0
2019-07-26,60162,40922,25,Uzbek,6.0,0.0
2019-09-28,55242,37709,24,Meat,1.0,0.0
2019-09-03,45987,31965,24,Pizza,41.0,2.0
2019-08-16,62496,41817,26,Shawarma,2.0,0.0
2019-09-19,62433,41772,25,Lunches,7.0,0.0
2019-06-26,42795,23027,25,Fish,6.0,0.0
2019-09-23,53902,36746,23,Dessert,0.0,1.0
2019-08-17,65364,43034,23,Russian,1.0,0.0
2019-09-05,26323,17079,23,Sushi,26.0,0.0
2019-09-12,62496,41817,26,Shawarma,4.0,0.0
2019-08-19,59806,40720,26,Pan-Asian,2.0,0.0
2019-08-12,60878,41231,23,Russian,1.0,0.0
2019-07-03,64130,37164,25,Meat,1.0,0.0
2019-08-06,58395,39761,24,Kebabs,0.0,1.0
2019-08-29,22491,15356,24,Japanese,3.0,1.0
2019-09-07,41139,29655,26,Meat,4.0,0.0
2019-09-17,35712,26380,23,Sushi,1.0,0.0
2019-08-23,52099,35732,23,Sushi,7.0,0.0
2019-06-29,9068,3323,26,Pizza,12.0,0.0
2019-08-01,58436,39911,25,Sushi,0.0,1.0
2019-09-25,54455,37164,25,Meat,2.0,0.0
2019-09-25,5342,3066,25,Pizza,13.0,0.0
2019-07-01,52944,35762,23,Russian,3.0,0.0
2019-08-09,60393,41002,25,Fast food,1.0,0.0
2019-07-01,60542,41073,23,Pizza,9.0,13.0
2019-06-29,43771,27316,25,Burgers,24.0,1.0
2019-08-08,68088,44347,25,Sushi,1.0,0.0
2019-06-29,57094,38968,26,Pizza,3.0,0.0
2019-07-22,56523,38574,24,Kebabs,8.0,0.0
2019-06-19,44160,31065,26,Shawarma,9.0,0.0
2019-07-03,46925,31529,23,Shawarma,0.0,1.0
2019-08-26,54107,36907,26,Lunches,9.0,0.0
2019-07-21,42276,30227,23,Sushi,1.0,0.0
2019-09-05,38465,28151,25,Pizza,17.0,0.0
2019-08-15,30475,21906,24,Pizza,18.0,1.0
2019-07-21,43603,30802,25,Burgers,4.0,2.0
2019-07-04,46413,32204,26,Fast food,2.0,0.0
2019-08-19,54964,37520,24,Meat,1.0,0.0
2019-09-13,44416,30186,25,Burgers,70.0,2.0
2019-07-26,53416,36426,25,Sushi,19.0,0.0
2019-07-12,50814,34109,24,Burgers,7.0,0.0
2019-06-03,52105,35732,23,Sushi,6.0,0.0
2019-07-30,63480,33460,24,Pizza,0.0,0.0
2019-08-10,68929,44589,26,Fish,1.0,0.0
2019-06-24,48286,33373,25,Shawarma,6.0,0.0
2019-06-30,48500,33529,23,Sushi,4.0,0.0
2019-07-26,56209,37877,23,Sandwiches,5.0,0.0
2019-06-23,48910,33742,25,Fast food,36.0,0.0
2019-07-19,27913,19863,23,Sushi,17.0,0.0
2019-06-05,14439,8993,25,Baking,6.0,0.0
2019-08-23,4635,2637,26,Pizza,32.0,2.0
2019-06-18,40060,7501,23,Sushi,10.0,1.0
2019-08-28,18810,12147,23,Sushi,14.0,1.0
2019-07-11,54575,37246,26,Sandwiches,10.0,1.0
2019-07-22,42688,30409,24,Burgers,2.0,0.0
2019-07-14,27683,19664,25,Burgers,13.0,0.0
2019-08-15,39217,25818,25,Pizza,4.0,0.0
2019-07-20,61796,37246,26,Sandwiches,6.0,0.0
2019-06-09,45328,31665,23,Sandwiches,2.0,0.0
2019-07-23,40742,29427,25,Sushi,18.0,0.0
2019-06-02,46533,26783,24,Burgers,3.0,0.0
2019-08-22,44278,31138,23,Sushi,11.0,0.0
2019-07-26,41240,29694,26,Burgers,5.0,0.0
2019-06-21,49107,33883,26,Dessert,3.0,0.0
2019-07-16,65450,43069,23,Shawarma,9.0,0.0
2019-07-18,22063,14970,26,Pizza,2.0,0.0
2019-08-12,54613,37273,23,Lunches,16.0,0.0
2019-08-20,36356,26819,25,Sandwiches,17.0,0.0
2019-07-06,50468,34720,25,Fast food,5.0,1.0
2019-06-18,63071,42043,24,Pizza,0.0,1.0
2019-06-15,44157,31065,26,Shawarma,7.0,1.0
2019-08-11,18810,12147,23,Sushi,15.0,1.0
2019-09-20,58187,39746,24,Pizza,1.0,0.0
2019-07-19,53221,36270,23,Japanese,6.0,0.0
2019-07-05,55450,37838,25,Sushi,3.0,0.0
2019-06-30,44632,31326,25,Sushi,0.0,1.0
2019-07-12,22491,15356,24,Japanese,9.0,0.0
2019-06-12,54522,33934,23,Russian,3.0,1.0
2019-08-15,67391,44071,23,Burgers,0.0,1.0
2019-09-21,48285,33373,25,Shawarma,1.0,0.0
2019-06-06,51235,31065,26,Shawarma,2.0,0.0
2019-06-19,41860,30047,25,Burgers,20.0,0.0
2019-07-19,36943,27181,24,Burgers,15.0,2.0
2019-07-29,55307,37755,26,Sushi,23.0,0.0
2019-06-13,57468,39226,23,Sushi,15.0,0.0
2019-08-20,52951,35762,23,Russian,3.0,0.0
2019-08-06,37241,27332,26,Burgers,14.0,1.0
2019-09-30,68065,44004,23,Shawarma,2.0,0.0
2019-08-06,43145,30623,25,Fast food,6.0,0.0
2019-06-16,41231,29690,26,Italian,4.0,0.0
2019-09-05,42683,30409,24,Burgers,12.0,2.0
2019-08-27,35580,26302,26,Sushi,2.0,0.0
2019-06-24,48500,33529,23,Sushi,1.0,0.0
2019-07-18,40059,7501,23,Sushi,28.0,0.0
2019-06-28,4286,2460,26,Indian,4.0,0.0
2019-06-17,61313,36803,24,Sandwiches,3.0,0.0
2019-07-16,57308,39087,26,Shawarma,6.0,0.0
2019-06-23,34670,25567,26,Italian,2.0,0.0
2019-07-22,45805,31878,25,Georgian,1.0,0.0
2019-09-08,59233,29655,26,Meat,0.0,1.0
2019-06-30,48286,33373,25,Shawarma,2.0,0.0
2019-07-24,61313,36803,24,Sandwiches,6.0,0.0
2019-08-23,60438,41002,25,Fast food,0.0,1.0
2019-08-01,7503,4234,26,Russian,0.0,1.0
2019-08-05,55849,38126,24,Pasta and risotto,2.0,0.0
2019-08-26,47855,30729,25,Burgers,43.0,1.0
2019-07-19,48075,28359,25,Pizza,3.0,0.0
2019-09-27,38457,28146,23,Sushi,8.0,0.0
2019-06-10,41869,30055,26,Italian,1.0,0.0
2019-08-12,53913,36755,24,Sushi,10.0,0.0
2019-09-09,62736,41927,24,Chinese,2.0,0.0
2019-07-26,63977,42414,26,Shawarma,0.0,1.0
2019-07-13,65364,43034,23,Russian,2.0,0.0
2019-08-21,51223,31065,26,Shawarma,1.0,0.0
2019-07-30,62505,41825,25,Italian,3.0,0.0
2019-09-18,45283,31646,26,Burgers,1.0,0.0
2019-07-29,59001,40258,23,Kebabs,2.0,0.0
2019-07-27,59757,40693,25,Kebabs,2.0,0.0
2019-09-23,44847,31415,25,Sandwiches,3.0,0.0
2019-06-23,53180,36320,25,Sushi,3.0,1.0
2019-07-01,38459,28146,23,Sushi,3.0,0.0
2019-07-27,12417,7501,23,Sushi,35.0,0.0
2019-09-13,63862,42358,26,Kebabs,1.0,0.0
2019-08-22,44464,31219,24,Burgers,1.0,0.0
2019-08-30,40686,29399,25,Sushi,1.0,0.0
2019-09-28,29267,20920,24,Pizza,0.0,1.0
2019-09-25,69538,44840,23,Shashlik,1.0,0.0
2019-06-08,61313,36803,24,Sandwiches,3.0,0.0
2019-08-19,51228,31065,26,Shawarma,0.0,1.0
2019-06-28,52995,36205,25,Fast food,34.0,0.0
2019-07-01,48929,33759,23,Fast food,2.0,0.0
2019-09-13,35361,26170,23,Pizza,10.0,0.0
2019-06-30,60890,41235,26,Kebabs,5.0,0.0
2019-08-02,29267,20920,24,Pizza,2.0,0.0
2019-07-31,52946,35762,23,Russian,5.0,1.0
2019-08-09,58589,39999,25,Sushi,8.0,0.0
2019-09-12,69759,44923,25,Sushi,3.0,1.0
2019-06-17,42681,30408,23,Burgers,7.0,0.0
2019-06-29,57641,36278,26,Shawarma,2.0,0.0
2019-07-28,54107,36907,26,Lunches,7.0,1.0
2019-07-13,55120,37617,24,Burgers,3.0,0.0
2019-07-11,43558,30780,24,Burgers,1.0,0.0
2019-07-24,42681,30408,23,Burgers,24.0,1.0
2019-08-05,13629,8357,23,Pizza,12.0,0.0
2019-07-20,54361,37094,26,Indian,1.0,1.0
2019-08-10,60447,41002,25,Fast food,3.0,0.0
2019-07-17,59742,40680,26,Georgian,7.0,0.0
2019-07-04,55499,37875,25,Pizza,2.0,0.0
2019-09-29,71085,36270,23,Japanese,2.0,0.0
2019-09-08,24253,16835,25,Sushi,3.0,0.0
2019-09-23,56759,38758,23,Kebabs,1.0,0.0
2019-08-16,69759,44923,25,Sushi,0.0,0.0
2019-06-06,56721,38731,23,Uzbek,5.0,1.0
2019-08-12,45319,31661,23,Burgers,9.0,0.0
2019-06-23,53886,36734,24,Meat,1.0,0.0
2019-07-28,47855,30729,25,Burgers,26.0,0.0
2019-06-27,55178,37667,23,Fast food,3.0,0.0
2019-08-30,51229,31065,26,Shawarma,4.0,0.0
2019-08-06,45274,31640,24,Burgers,3.0,0.0
2019-06-19,53642,36569,25,Sandwiches,33.0,0.0
2019-08-01,48843,28747,24,Burgers,0.0,0.0
2019-09-25,53615,36547,23,Burgers,3.0,0.0
2019-09-07,70028,26302,26,Sushi,1.0,0.0
2019-07-08,57308,39087,26,Shawarma,9.0,1.0
2019-09-10,52950,35762,23,Russian,9.0,0.0
2019-06-25,38717,28323,26,Pizza,0.0,1.0
2019-09-13,52681,36017,23,Sushi,2.0,0.0
2019-06-19,48952,33773,26,Georgian,1.0,1.0
2019-08-18,37817,27715,25,Sushi,4.0,0.0
2019-08-16,68997,44626,23,Burgers,3.0,0.0
2019-09-13,57317,39087,26,Shawarma,1.0,0.0
2019-07-01,53418,36426,25,Sushi,18.0,1.0
2019-08-18,5504,3158,25,Sushi,21.0,0.0
2019-08-04,56475,38535,23,Kebabs,3.0,0.0
2019-07-15,62736,41927,24,Chinese,1.0,0.0
2019-06-24,60890,41235,26,Kebabs,1.0,0.0
2019-08-30,40493,29296,25,Sushi,3.0,0.0
2019-09-25,61039,41289,24,Pizza,1.0,0.0
2019-07-08,65450,43069,23,Shawarma,7.0,0.0
2019-07-16,63138,42061,23,Meat,9.0,0.0
2019-07-06,20972,14039,26,Pizza,118.0,1.0
2019-07-26,54078,36883,23,Sushi,4.0,0.0
2019-09-03,54308,37048,23,Georgian,1.0,1.0
2019-07-29,45348,31677,23,Russian,3.0,0.0
2019-09-12,68997,44626,23,Burgers,2.0,0.0
2019-07-17,40902,29504,25,Sushi,15.0,0.0
2019-08-20,64424,35762,23,Russian,3.0,0.0
2019-09-01,57090,38966,25,Sushi,1.0,0.0
2019-07-09,31901,17079,23,Sushi,32.0,1.0
2019-08-25,59554,38521,23,Georgian,1.0,0.0
2019-07-06,57319,39087,26,Shawarma,3.0,1.0
2019-06-02,53219,36270,23,Japanese,6.0,4.0
2019-09-28,65356,43034,23,Russian,2.0,0.0
2019-09-23,62647,41884,26,Pizza,1.0,0.0
2019-06-30,54361,37094,26,Indian,3.0,0.0
2019-06-15,61532,41480,25,Shawarma,6.0,0.0
2019-07-01,36249,26727,25,Sushi,4.0,1.0
2019-07-26,57682,29344,24,Sushi,1.0,0.0
2019-07-20,60890,41235,26,Kebabs,2.0,0.0
2019-07-16,64437,35762,23,Russian,11.0,3.0
2019-09-29,73237,46355,25,Russian,13.0,0.0
2019-09-04,49199,33945,25,Sushi,2.0,1.0
2019-07-18,7502,4234,26,Russian,3.0,0.0
2019-08-27,57312,39087,26,Shawarma,1.0,0.0
2019-06-28,58223,39772,24,Burgers,1.0,0.0
2019-06-14,62244,41644,23,Italian,14.0,0.0
2019-08-17,55120,37617,24,Burgers,7.0,1.0
2019-07-04,16353,10348,25,Pizza,1.0,0.0
2019-09-24,11517,6869,26,Sushi,6.0,0.0
2019-08-07,42677,30408,23,Burgers,54.0,1.0
2019-07-10,7155,4051,24,Soups,2.0,0.0
2019-06-07,47913,33142,23,Kebabs,2.0,0.0
2019-09-08,25173,17588,25,Sushi,18.0,0.0
2019-09-17,74003,46724,24,Sushi,1.0,0.0
2019-08-05,48191,33305,23,Sushi,1.0,0.0
2019-09-15,63038,42032,23,unknown,5.0,0.0
2019-09-03,72924,46194,26,Pizza,1.0,0.0
2019-07-19,23939,16558,25,Sushi,1.0,0.0
2019-06-17,20805,13890,26,Pizza,3.0,0.0
2019-08-11,57454,39220,23,Pizza,1.0,0.0
2019-07-24,20805,13890,26,Pizza,3.0,0.0
2019-09-10,45927,31948,26,Pizza,21.0,1.0
2019-08-02,65356,43034,23,Russian,1.0,0.0
2019-08-01,44190,31065,26,Shawarma,4.0,0.0
2019-08-21,38715,28321,23,Burgers,9.0,1.0
2019-09-25,18473,11886,24,Meat,1.0,0.0
2019-09-10,42198,30186,25,Burgers,24.0,2.0
2019-07-05,38980,28498,23,Sushi,3.0,0.0
2019-08-06,52094,35734,25,Sushi,2.0,1.0
2019-06-29,44354,31162,26,Burgers,50.0,0.0
2019-07-16,66593,43631,23,Shawarma,2.0,0.0
2019-06-22,32237,23414,25,Sushi,0.0,1.0
2019-06-11,38457,28146,23,Sushi,4.0,0.0
2019-08-31,35823,26442,23,Pizza,5.0,0.0
2019-09-15,57090,38966,25,Sushi,1.0,0.0
2019-09-11,43311,30687,24,Burgers,4.0,0.0
2019-08-18,70028,26302,26,Sushi,1.0,0.0
2019-07-28,55265,37727,26,Fast food,10.0,0.0
2019-09-30,26324,17079,23,Sushi,22.0,2.0
2019-08-26,57581,39322,24,Sushi,2.0,0.0
2019-09-07,37817,27715,25,Sushi,8.0,0.0
2019-07-02,38335,28054,25,Sushi,13.0,1.0
2019-06-24,54361,37094,26,Indian,2.0,0.0
2019-06-10,41556,29868,26,Pizza,1.0,0.0
2019-06-09,53122,36273,26,Italian,1.0,1.0
2019-09-08,36972,2726,25,Pizza,8.0,0.0
2019-09-24,51224,31065,26,Shawarma,2.0,0.0
2019-09-23,45666,31821,23,Dessert,1.0,0.0
2019-08-09,64092,42464,23,Coffee and tea,1.0,0.0
2019-07-17,47369,32778,23,Sushi,14.0,0.0
2019-06-12,56210,37877,23,Sandwiches,24.0,0.0
2019-09-22,70101,45101,25,Fast food,1.0,0.0
2019-07-26,48349,33420,23,Sushi,36.0,0.0
2019-09-07,5504,3158,25,Sushi,22.0,0.0
2019-09-23,42199,30186,25,Burgers,19.0,0.0
2019-09-25,29376,21014,25,Sushi,13.0,0.0
2019-07-07,48407,33460,24,Pizza,2.0,0.0
2019-08-27,42200,30186,25,Burgers,25.0,1.0
2019-08-14,56210,37877,23,Sandwiches,3.0,1.0
2019-08-19,45112,26442,23,Pizza,4.0,1.0
2019-09-18,52203,35757,26,Fast food,11.0,0.0
2019-09-13,62995,42018,23,Shawarma,1.0,0.0
2019-08-24,11486,6861,25,Sushi,9.0,0.0
2019-09-29,14336,8913,24,Burgers,1.0,0.0
2019-06-23,52926,36164,23,Shawarma,4.0,0.0
2019-09-16,62505,41825,25,Italian,1.0,0.0
2019-09-09,53692,36597,24,Vietnamese,3.0,0.0
2019-07-16,12281,7404,24,Pies,3.0,0.0
2019-09-01,63038,42032,23,unknown,7.0,0.0
2019-07-17,58387,39871,23,Pizza,2.0,0.0
2019-06-02,36943,27181,24,Burgers,27.0,0.0
2019-07-28,56203,37877,23,Sandwiches,3.0,0.0
2019-08-27,71362,45749,26,Georgian,3.0,0.0
2019-08-29,46172,32067,25,Baking,0.0,1.0
2019-06-20,54575,37246,26,Sandwiches,11.0,0.0
2019-08-25,38465,28151,25,Pizza,12.0,1.0
2019-08-24,37198,27303,23,Sushi,18.0,0.0
2019-07-20,5342,3066,25,Pizza,13.0,0.0
2019-09-17,44157,31065,26,Shawarma,7.0,0.0
2019-07-20,54455,37164,25,Meat,5.0,0.0
2019-07-21,67450,35734,25,Sushi,8.0,0.0
2019-07-30,60274,40969,26,Kebabs,10.0,0.0
2019-09-03,55877,38144,24,Breakfast,0.0,2.0
2019-07-15,55036,37554,26,Baking,2.0,0.0
2019-08-19,42812,30467,26,Pizza,20.0,1.0
2019-06-02,53221,36270,23,Japanese,4.0,0.0
2019-06-22,57704,39400,24,Russian,3.0,0.0
2019-09-27,60399,41002,25,Fast food,0.0,1.0
2019-09-30,42675,30408,23,Burgers,21.0,1.0
2019-06-06,61233,41371,23,Meat,3.0,0.0
2019-07-22,41678,29925,26,Burgers,29.0,1.0
2019-09-09,72705,46112,24,Uzbek,3.0,0.0
2019-06-02,48075,28359,25,Pizza,7.0,0.0
2019-09-14,49659,26847,23,Kebabs,1.0,1.0
2019-09-03,68204,44386,24,Pan-Asian,3.0,0.0
2019-09-15,44315,31154,24,Sushi,1.0,1.0
2019-08-06,35824,26442,23,Pizza,7.0,0.0
2019-08-02,42500,30343,26,Sushi,3.0,0.0
2019-06-30,63709,42224,26,Russian,2.0,0.0
2019-07-22,41586,29888,25,Pizza,3.0,0.0
2019-08-09,54276,36803,24,Sandwiches,6.0,0.0
2019-07-01,62433,41772,25,Lunches,8.0,0.0
2019-07-16,60291,40978,23,Fast food,3.0,0.0
2019-09-15,49809,34321,23,Burgers,3.0,0.0
2019-06-23,59329,40444,23,Kebabs,3.0,0.0
2019-09-09,12153,3158,25,Sushi,7.0,0.0
2019-06-18,59691,40649,25,Sushi,0.0,1.0
2019-09-02,73637,45937,26,Hot dogs,0.0,0.0
2019-09-25,61796,37246,26,Sandwiches,4.0,0.0
2019-08-26,44965,31486,23,Dessert,1.0,0.0
2019-09-29,72138,45861,23,Shawarma,1.0,0.0
2019-06-15,35712,26380,23,Sushi,3.0,0.0
2019-09-12,8587,4978,26,Pizza,101.0,3.0
2019-08-27,55666,37988,25,Sushi,3.0,0.0
2019-06-07,46308,32134,25,Kebabs,1.0,0.0
2019-08-01,19079,4346,26,Sushi,1.0,0.0
2019-09-23,61313,36803,24,Sandwiches,2.0,0.0
2019-06-18,56520,38571,23,Pizza,1.0,0.0
2019-07-05,52102,35732,23,Sushi,2.0,0.0
2019-07-17,65363,43034,23,Russian,6.0,3.0
2019-08-25,42683,30409,24,Burgers,7.0,5.0
2019-08-07,58395,39761,24,Shashlik,3.0,0.0
2019-08-24,42377,30186,25,Burgers,5.0,0.0
2019-09-30,53627,36555,24,Burgers,6.0,0.0
2019-06-18,36838,27131,23,Burgers,4.0,0.0
2019-09-18,51237,31065,26,Shawarma,5.0,0.0
2019-06-19,25353,17745,24,Sushi,3.0,0.0
2019-08-16,8587,4978,26,Pizza,136.0,1.0
2019-08-31,73455,46469,24,Pizza,5.0,0.0
2019-06-14,35535,26277,26,Georgian,4.0,0.0
2019-06-24,63709,42224,26,Russian,1.0,0.0
2019-06-21,49199,33945,25,Sushi,6.0,0.0
2019-09-18,58281,39813,24,Sushi,1.0,0.0
2019-09-01,44315,31154,24,Sushi,1.0,0.0
2019-06-08,44159,31065,26,Shawarma,0.0,1.0
2019-06-09,9505,5631,25,Sushi,1.0,0.0
2019-09-19,52820,35732,23,Sushi,4.0,0.0
2019-09-16,35826,26444,25,Sushi,5.0,0.0
2019-09-22,56210,37877,23,Sandwiches,5.0,1.0
2019-07-05,24152,16039,23,Pizza,18.0,1.0
2019-06-07,52109,35732,23,Sushi,4.0,0.0
2019-09-13,59062,40289,23,Kebabs,1.0,1.0
2019-08-20,66250,42948,26,Fast food,1.0,0.0
2019-06-08,56759,38758,23,Kebabs,1.0,0.0
2019-07-28,67512,44028,24,Shawarma,10.0,0.0
2019-08-07,68080,44344,24,Meat,2.0,0.0
2019-06-13,36015,26442,23,Pizza,5.0,0.0
2019-09-09,51526,35402,25,Meat,6.0,0.0
2019-08-14,70101,45101,25,Fast food,1.0,0.0
2019-09-13,71018,36270,23,Japanese,2.0,0.0
2019-08-24,71544,45823,23,Kebabs,2.0,0.0
2019-09-01,49809,34321,23,Burgers,5.0,0.0
2019-08-21,67326,44027,26,Georgian,1.0,0.0
2019-08-20,52949,35762,23,Russian,6.0,6.0
2019-08-22,35430,26220,25,Pizza,3.0,0.0
2019-06-02,27913,19863,23,Sushi,7.0,0.0
2019-09-29,53440,36440,26,Meat,3.0,0.0
2019-07-19,7504,4234,26,Russian,1.0,0.0
2019-08-23,41736,29972,25,Georgian,1.0,1.0
2019-07-12,65123,42927,23,Georgian,4.0,0.0
2019-07-09,47649,32969,26,Fast food,6.0,1.0
2019-07-07,57704,39400,24,Russian,7.0,0.0
2019-06-26,41849,30038,23,Pizza,1.0,0.0
2019-09-08,43354,30706,23,Italian,1.0,0.0
2019-06-07,45378,30802,25,Burgers,25.0,9.0
2019-09-18,51224,31065,26,Shawarma,4.0,1.0
2019-07-19,44988,31501,25,Russian,3.0,0.0
2019-06-14,58869,40171,23,Dessert,4.0,0.0
2019-09-21,64162,42500,26,Sushi,8.0,0.0
2019-09-08,53977,36803,24,Sandwiches,3.0,0.0
2019-09-16,64396,37203,23,Pizza,0.0,0.0
2019-07-09,46461,32229,24,Shawarma,1.0,0.0
2019-07-05,52092,35732,23,Sushi,3.0,1.0
2019-09-13,43803,30918,26,Russian,3.0,0.0
2019-09-25,48500,33529,23,Sushi,3.0,0.0
2019-07-31,52224,35773,23,Soups,1.0,0.0
2019-07-11,40742,29427,25,Sushi,8.0,0.0
2019-09-24,52203,35757,26,Fast food,10.0,0.0
2019-09-09,57505,39258,26,Georgian,1.0,0.0
2019-06-26,45289,31650,23,Burgers,1.0,0.0
2019-08-30,48341,33415,24,Shawarma,1.0,0.0
2019-06-25,48058,33226,23,Shawarma,2.0,0.0
2019-07-09,55632,37960,25,Kebabs,4.0,0.0
2019-06-23,52104,35732,23,Sushi,0.0,1.0
2019-07-12,46172,32067,25,Baking,1.0,0.0
2019-06-16,54170,27181,24,Burgers,37.0,0.0
2019-08-20,42686,30409,24,Burgers,19.0,0.0
2019-06-11,7155,4051,24,Soups,3.0,0.0
2019-08-21,41556,29868,26,Pizza,2.0,0.0
2019-06-13,52954,35762,23,Russian,15.0,0.0
2019-09-16,74074,30216,26,Fast food,1.0,0.0
2019-08-15,46085,28550,24,Sushi,6.0,0.0
2019-06-10,38715,28321,23,Burgers,38.0,0.0
2019-06-30,54455,37164,25,Meat,10.0,0.0
2019-06-30,5342,3066,25,Pizza,12.0,0.0
2019-07-28,49439,34061,26,Russian,1.0,0.0
2019-09-04,45053,31529,23,Shawarma,1.0,0.0
2019-06-08,42199,30186,25,Burgers,52.0,0.0
2019-09-03,66723,43698,26,Healthly food,2.0,0.0
2019-08-21,62299,41718,23,Coffee and tea,0.0,1.0
2019-09-30,48261,33359,26,Russian,1.0,0.0
2019-07-24,61208,41353,23,Kebabs,1.0,0.0
2019-09-18,11517,6869,26,Sushi,8.0,0.0
2019-07-21,38454,28146,23,Sushi,3.0,1.0
2019-08-23,64294,42554,26,Burgers,2.0,0.0
2019-09-19,60542,41073,23,Pizza,1.0,0.0
2019-06-05,49388,34037,26,Sushi,17.0,0.0
2019-07-15,59552,38521,23,Georgian,1.0,0.0
2019-07-10,38457,28146,23,Sushi,2.0,0.0
2019-06-17,61208,41353,23,Kebabs,0.0,1.0
2019-09-30,56220,38376,25,Georgian,10.0,0.0
2019-08-01,43863,29925,26,Burgers,41.0,0.0
2019-09-17,52806,36102,23,Sushi,2.0,0.0
2019-06-13,53525,36488,26,Pizza,1.0,0.0
2019-08-20,51828,35595,23,Italian,5.0,0.0
2019-08-24,45559,30607,23,Burgers,53.0,0.0
2019-09-25,48286,33373,25,Shawarma,1.0,0.0
2019-09-19,52944,35762,23,Russian,6.0,0.0
2019-06-23,57273,39087,26,Shawarma,3.0,0.0
2019-09-17,43824,16039,23,Pizza,5.0,0.0
2019-07-30,63756,42287,23,Pizza,5.0,0.0
2019-07-15,45702,31835,23,Coffee and tea,1.0,0.0
2019-08-04,51235,31065,26,Shawarma,4.0,0.0
2019-07-29,41130,29648,26,Vietnamese,2.0,0.0
2019-08-09,53419,36426,25,Sushi,7.0,0.0
2019-09-02,55224,37695,24,Burgers,2.0,0.0
2019-08-25,26323,17079,23,Sushi,7.0,2.0
2019-07-06,42388,30281,24,Kebabs,3.0,0.0
2019-09-25,44632,31326,25,Sushi,1.0,0.0
2019-06-04,14558,9089,26,Fish,21.0,0.0
2019-07-23,54575,37246,26,Sandwiches,10.0,0.0
2019-07-08,34715,25605,25,Sushi,13.0,0.0
2019-07-17,44801,31389,23,Sushi,1.0,0.0
2019-08-07,43145,30623,25,Fast food,10.0,0.0
2019-07-29,40065,7501,23,Sushi,12.0,0.0
2019-08-07,37241,27332,26,Burgers,19.0,4.0
2019-08-23,17528,11182,25,Pizza,9.0,0.0
2019-07-22,59553,38521,23,Georgian,1.0,0.0
2019-06-29,42576,30383,23,Pizza,2.0,0.0
2019-06-24,5342,3066,25,Pizza,12.0,0.0
2019-08-20,64172,42440,23,Georgian,1.0,0.0
2019-09-23,62564,41845,25,Fast food,2.0,0.0
2019-06-24,54455,37164,25,Meat,11.0,0.0
2019-07-10,65373,43034,23,Russian,2.0,0.0
2019-06-23,63756,42287,23,Pizza,2.0,0.0
2019-07-04,47195,32662,23,Shawarma,10.0,0.0
2019-07-30,57273,39087,26,Shawarma,6.0,1.0
2019-09-30,60162,40922,25,Uzbek,2.0,0.0
2019-09-13,53642,36569,25,Sandwiches,9.0,0.0
2019-07-10,55450,37838,25,Sushi,3.0,0.0
2019-08-24,23015,15809,25,Pizza,9.0,0.0
2019-08-17,8465,4877,25,Sushi,5.0,0.0
2019-08-05,31901,17079,23,Sushi,22.0,2.0
2019-09-09,38621,28259,24,Sushi,10.0,0.0
2019-08-08,59554,38521,23,Georgian,2.0,0.0
2019-06-06,56520,38571,23,Pizza,2.0,2.0
2019-09-03,52098,35732,23,Sushi,2.0,0.0
2019-07-18,45280,31644,23,Sushi,3.0,0.0
2019-08-07,56684,38685,26,Meat,1.0,0.0
2019-09-13,48952,33773,26,Georgian,1.0,0.0
2019-06-07,44369,31162,26,Burgers,55.0,0.0
2019-09-17,33356,24412,25,Pizza,2.0,0.0
2019-06-03,26323,17079,23,Sushi,18.0,0.0
2019-09-06,48285,33373,25,Shawarma,1.0,0.0
2019-08-13,26323,17079,23,Sushi,19.0,1.0
2019-06-06,36838,27131,23,Burgers,5.0,0.0
2019-09-08,44113,30607,23,Burgers,61.0,2.0
2019-07-18,53216,36270,23,Japanese,2.0,0.0
2019-06-19,52681,36017,23,Sushi,1.0,0.0
2019-09-04,42195,30186,25,Burgers,27.0,3.0
2019-09-11,53896,36741,25,Sushi,0.0,1.0
2019-09-22,44365,31162,26,Burgers,37.0,1.0
2019-09-18,23939,16558,25,Sushi,1.0,0.0
2019-06-14,60381,27181,24,Burgers,8.0,0.0
2019-07-13,24156,16039,23,Pizza,19.0,0.0
2019-06-10,52995,36205,25,Fast food,22.0,2.0
2019-07-16,54250,37005,23,Georgian,2.0,0.0
2019-09-30,54277,36803,24,Sandwiches,8.0,0.0
2019-09-12,57473,39231,26,Sandwiches,3.0,0.0
2019-08-12,63709,42224,26,Russian,4.0,0.0
2019-08-04,52251,35732,23,Sushi,4.0,0.0
2019-07-18,38147,27925,25,Pizza,6.0,0.0
2019-06-19,57317,39087,26,Shawarma,2.0,0.0
2019-07-06,35824,26442,23,Pizza,8.0,0.0
2019-09-25,53993,36803,24,Sandwiches,4.0,0.0
2019-07-04,55466,37852,24,Meat,1.0,0.0
2019-07-23,45071,23027,25,Fish,2.0,0.0
2019-06-14,50933,34992,25,Pizza,23.0,8.0
2019-08-16,57473,39231,26,Sandwiches,5.0,0.0
2019-09-17,61045,41294,23,Kebabs,1.0,1.0
2019-09-14,61827,41576,25,Russian,1.0,0.0
2019-07-09,48191,33305,23,Sushi,1.0,0.0
2019-09-07,48058,33226,23,Shawarma,1.0,0.0
2019-07-11,31508,22769,23,Sushi,7.0,0.0
2019-08-23,58303,39827,24,Chinese,1.0,0.0
2019-08-15,64793,42805,26,Kebabs,8.0,1.0
2019-09-20,42375,30186,25,Burgers,32.0,1.0
2019-09-25,60878,41231,23,Russian,5.0,0.0
2019-06-16,55265,37727,26,Fast food,6.0,0.0
2019-09-24,44988,31501,25,Russian,3.0,0.0
2019-06-08,46179,32069,24,Pizza,1.0,0.0
2019-07-15,20967,14034,24,Pizza,65.0,2.0
2019-07-20,43392,30723,23,Sushi,0.0,1.0
2019-06-20,16385,10371,26,Pies,7.0,0.0
2019-08-22,52820,35732,23,Sushi,3.0,0.0
2019-07-13,49070,33859,25,Sushi,8.0,1.0
2019-08-23,25401,17786,26,Fish,3.0,0.0
2019-07-19,52203,35757,26,Fast food,12.0,0.0
2019-09-22,56519,37877,23,Sandwiches,2.0,0.0
2019-09-28,33314,24369,25,Sushi,1.0,0.0
2019-06-27,48285,33373,25,Shawarma,5.0,0.0
2019-07-11,64436,35762,23,Russian,15.0,0.0
2019-06-19,63862,42358,26,Kebabs,1.0,0.0
2019-07-15,57136,39006,26,Coffee and tea,1.0,0.0
2019-06-18,45472,30409,24,Burgers,0.0,1.0
2019-08-28,32240,23414,25,Sushi,2.0,0.0
2019-08-02,33314,24369,25,Sushi,5.0,0.0
2019-07-11,8625,5012,25,Korean,4.0,0.0
2019-06-11,54039,36852,26,Meat,2.0,1.0
2019-09-05,32592,23746,25,Pizza,15.0,0.0
2019-06-19,35361,26170,23,Pizza,4.0,0.0
2019-06-02,36405,26847,23,Kebabs,5.0,0.0
2019-07-30,52104,35732,23,Sushi,0.0,0.0
2019-06-13,40062,7501,23,Sushi,77.0,1.0
2019-08-09,66045,43364,24,Sushi,5.0,1.0
2019-07-12,56213,37877,23,Sandwiches,1.0,0.0
2019-07-12,52106,35732,23,Sushi,3.0,0.0
2019-06-06,59691,40649,25,Sushi,8.0,1.0
2019-06-13,56659,38685,26,Meat,0.0,1.0
2019-09-27,52092,35732,23,Sushi,4.0,2.0
2019-08-23,44110,30607,23,Burgers,40.0,1.0
2019-09-04,69649,44891,23,Coffee and tea,1.0,0.0
2019-08-09,37239,27332,26,Burgers,47.0,1.0
2019-09-17,58036,39639,24,Pizza,8.0,0.0
2019-09-25,63185,42082,23,Fast food,1.0,0.0
2019-08-19,61567,41492,24,Kebabs,2.0,0.0
2019-09-17,53614,36547,23,Burgers,1.0,1.0
2019-07-13,8465,4877,25,Sushi,2.0,0.0
2019-06-29,44788,31382,23,Georgian,30.0,0.0
2019-09-27,24152,16039,23,Pizza,30.0,0.0
2019-08-03,48285,33373,25,Shawarma,4.0,0.0
2019-09-25,73404,46438,25,Russian,7.0,0.0
2019-07-31,53436,36439,24,Chinese,4.0,1.0
2019-06-29,40067,7501,23,Sushi,25.0,2.0
2019-06-08,36940,27181,24,Burgers,60.0,0.0
2019-06-21,54968,37521,23,Baking,1.0,0.0
2019-08-17,24156,16039,23,Pizza,19.0,4.0
2019-07-07,39217,25818,25,Pizza,5.0,0.0
2019-08-11,38335,28054,25,Sushi,9.0,0.0
2019-09-21,63478,33460,24,Pizza,2.0,0.0
2019-07-01,44278,31138,23,Sushi,5.0,0.0
2019-09-27,52102,35732,23,Sushi,7.0,0.0
2019-07-09,13629,8357,23,Pizza,9.0,4.0
2019-09-30,41240,29694,26,Burgers,4.0,0.0
2019-06-04,55953,38184,24,Italian,2.0,0.0
2019-06-10,39624,28892,25,Kebabs,2.0,0.0
2019-09-26,48285,33373,25,Shawarma,1.0,0.0
2019-09-03,42123,30146,25,Meat,4.0,0.0
2019-07-07,30475,21906,24,Pizza,9.0,0.0
2019-08-20,59333,40448,23,Sushi,1.0,0.0
2019-07-23,16385,10371,26,Pies,4.0,0.0
2019-06-16,54107,36907,26,Lunches,6.0,0.0
2019-09-01,62988,42013,23,Sushi,3.0,0.0
2019-07-17,53704,36072,26,Uzbek,1.0,0.0
2019-08-09,52948,35762,23,Russian,4.0,0.0
2019-08-05,39976,29087,23,Sushi,2.0,0.0
2019-06-19,62995,42018,23,Shawarma,6.0,0.0
2019-08-13,42683,30409,24,Burgers,6.0,0.0
2019-08-12,5342,3066,25,Pizza,8.0,0.0
2019-06-07,54878,37447,23,Fast food,3.0,0.0
2019-08-12,54455,37164,25,Meat,3.0,1.0
2019-08-09,7154,4050,24,Pizza,12.0,2.0
2019-08-16,12276,7400,24,Kebabs,9.0,0.0
2019-09-25,53913,36755,24,Sushi,2.0,0.0
2019-09-30,56209,37877,23,Sandwiches,6.0,0.0
2019-08-18,48058,33226,23,Shawarma,3.0,0.0
2019-09-05,52105,35732,23,Sushi,6.0,1.0
2019-06-23,60274,40969,26,Kebabs,14.0,0.0
2019-08-07,51225,31065,26,Shawarma,3.0,0.0
2019-09-02,45280,31644,23,Sushi,0.0,0.0
2019-07-27,42378,30186,25,Burgers,28.0,0.0
2019-09-20,19346,12602,26,Sushi,33.0,0.0
2019-09-24,46533,26783,24,Burgers,1.0,0.0
2019-09-08,44368,31162,26,Burgers,15.0,0.0
2019-08-29,56213,37877,23,Sandwiches,3.0,0.0
2019-06-24,56419,38493,23,Meat,2.0,0.0
2019-07-16,60003,40829,25,Sushi,30.0,0.0
2019-06-22,30475,21906,24,Pizza,19.0,0.0
2019-08-29,52106,35732,23,Sushi,4.0,0.0
2019-06-20,45071,23027,25,Fish,5.0,0.0
2019-09-12,12276,7400,24,Kebabs,3.0,0.0
2019-08-17,49070,33859,25,Sushi,5.0,2.0
2019-07-04,32849,23027,25,Fish,5.0,0.0
2019-09-03,63479,33460,24,Pizza,0.0,1.0
2019-08-07,50468,34720,25,Fast food,2.0,0.0
2019-06-28,41556,29868,26,Pizza,6.0,0.0
2019-07-16,50600,34808,26,Meat,9.0,0.0
2019-06-11,45351,31679,23,Vietnamese,5.0,0.0
2019-09-09,19666,12898,25,Chinese,2.0,0.0
2019-08-28,38335,28054,25,Sushi,9.0,0.0
2019-08-31,15888,10054,25,Fish,5.0,0.0
2019-07-29,63041,42032,23,unknown,9.0,1.0
2019-09-17,71151,45620,25,Fast food,1.0,0.0
2019-09-11,37042,27231,25,Kebabs,0.0,1.0
2019-09-02,38147,27925,25,Pizza,7.0,1.0
2019-08-06,42388,30281,24,Kebabs,4.0,0.0
2019-07-16,57348,39137,24,Russian,1.0,0.0
2019-08-22,52944,35762,23,Russian,2.0,0.0
2019-07-30,59329,40444,23,Kebabs,1.0,0.0
2019-09-16,48969,33784,25,Burgers,27.0,1.0
2019-06-03,38465,28151,25,Pizza,9.0,0.0
2019-08-26,41231,29690,26,Italian,3.0,0.0
2019-07-08,41679,29925,26,Burgers,64.0,4.0
2019-09-04,43825,16039,23,Pizza,8.0,1.0
2019-06-28,62299,41718,23,Coffee and tea,1.0,0.0
2019-08-13,38465,28151,25,Pizza,14.0,0.0
2019-09-11,52078,16039,23,Pizza,10.0,0.0
2019-08-22,60542,41073,23,Pizza,4.0,0.0
2019-09-15,62988,42013,23,Sushi,1.0,0.0
2019-06-22,39217,25818,25,Pizza,10.0,0.0
2019-07-05,60399,41002,25,Fast food,3.0,1.0
2019-08-24,49437,2726,25,Pizza,5.0,0.0
2019-07-02,57454,39220,23,Pizza,3.0,0.0
2019-06-27,38765,28359,25,Pizza,13.0,1.0
2019-07-10,61752,41545,25,Shawarma,8.0,0.0
2019-08-04,40060,7501,23,Sushi,11.0,0.0
2019-08-09,50976,30281,24,Kebabs,2.0,0.0
2019-08-08,65370,43034,23,Russian,1.0,0.0
2019-09-25,54613,37273,23,Lunches,16.0,0.0
2019-06-09,56277,38417,24,Pizza,1.0,0.0
2019-09-04,73110,46287,23,Dessert,1.0,0.0
2019-06-11,55450,37838,25,Sushi,12.0,0.0
2019-08-05,46461,32229,24,Shawarma,1.0,2.0
2019-09-21,69869,44975,23,Lunches,0.0,1.0
2019-08-20,42811,30467,26,Pizza,13.0,0.0
2019-06-24,45319,31661,23,Burgers,8.0,2.0
2019-06-24,53819,36687,26,Soups,8.0,0.0
2019-08-07,53412,36426,25,Sushi,19.0,0.0
2019-06-25,5504,3158,25,Sushi,26.0,1.0
2019-07-23,52473,35732,23,Sushi,2.0,0.0
2019-09-29,73836,46658,23,Pizza,4.0,0.0
2019-09-14,71428,35762,23,Russian,12.0,0.0
2019-09-26,65943,30047,25,Burgers,1.0,1.0
2019-08-15,49324,31417,24,Burgers,26.0,0.0
2019-08-10,60793,41184,25,Breakfast,2.0,0.0
2019-09-13,25353,17745,24,Sushi,7.0,1.0
2019-07-07,43707,30868,24,Kebabs,1.0,0.0
2019-06-25,63852,42352,23,Pizza,2.0,0.0
2019-07-15,58332,39847,24,Russian,1.0,0.0
2019-09-30,75942,45856,25,Shashlik,3.0,0.0
2019-08-04,45530,31762,26,Georgian,2.0,0.0
2019-06-27,64601,42527,26,Burgers,1.0,0.0
2019-06-15,57343,39133,25,Sushi,5.0,0.0
2019-06-19,59062,40289,23,Kebabs,6.0,0.0
2019-07-04,57817,39485,23,Kebabs,2.0,0.0
2019-08-17,43603,30802,25,Burgers,13.0,0.0
2019-06-15,47029,32543,23,Meat,7.0,0.0
2019-06-15,12057,7240,26,Sushi,4.0,1.0
2019-09-29,52107,35732,23,Sushi,2.0,0.0
2019-09-18,44988,31501,25,Russian,4.0,0.0
2019-07-19,51224,31065,26,Shawarma,8.0,1.0
2019-08-12,60890,41235,26,Kebabs,1.0,0.0
2019-07-30,52926,36164,23,Shawarma,2.0,0.0
2019-08-17,42276,30227,23,Sushi,1.0,1.0
2019-08-05,55632,37960,25,Kebabs,0.0,1.0
2019-06-13,8763,5134,23,Sushi,65.0,0.0
2019-08-31,61280,41401,25,Pizza,15.0,0.0
2019-08-05,56650,38676,25,Meat,0.0,1.0
2019-07-28,54170,27181,24,Burgers,29.0,0.0
2019-09-16,34670,25567,26,Italian,2.0,0.0
2019-09-21,14180,8791,26,Kebabs,5.0,0.0
2019-09-02,72240,40289,23,Kebabs,6.0,0.0
2019-07-17,63138,42061,26,Meat,5.0,0.0
2019-09-17,41697,29925,26,Burgers,36.0,0.0
2019-08-03,65943,30047,25,Burgers,4.0,0.0
2019-06-07,44233,31109,25,Sushi,5.0,1.0
2019-06-25,37817,27715,25,Sushi,13.0,0.0
2019-08-02,65636,32362,23,Pizza,5.0,0.0
2019-07-22,58838,40154,24,Sushi,4.0,0.0
2019-06-05,5771,3291,25,Sushi,1.0,0.0
2019-07-14,60542,41073,23,Pizza,2.0,0.0
2019-07-21,47152,32629,23,Shawarma,1.0,0.0
2019-09-25,59008,40173,24,Fast food,1.0,0.0
2019-08-20,38790,28379,26,Chinese,27.0,1.0
2019-06-30,53819,36687,26,Soups,1.0,0.0
2019-06-30,45319,31661,23,Burgers,11.0,0.0
2019-06-28,64792,37386,23,Fast food,0.0,1.0
2019-07-25,63069,37447,23,Fast food,5.0,1.0
2019-09-28,47577,27332,26,Burgers,29.0,0.0
2019-09-11,74697,36072,26,Uzbek,2.0,0.0
2019-07-06,45274,31640,24,Burgers,6.0,0.0
2019-08-21,52995,36205,25,Fast food,12.0,0.0
2019-07-11,56158,38333,25,Kebabs,1.0,0.0
2019-09-13,66340,43507,23,Georgian,5.0,0.0
2019-08-05,65500,39009,24,Sandwiches,1.0,0.0
2019-09-30,64425,35762,23,Russian,1.0,0.0
2019-07-14,52944,35762,23,Russian,2.0,0.0
2019-09-02,53984,36810,24,Sushi,1.0,0.0
2019-08-20,42858,26442,23,Pizza,2.0,0.0
2019-07-11,64423,35762,23,Russian,19.0,0.0
2019-06-20,35688,26370,24,Baking,1.0,0.0
2019-07-02,54549,37232,24,Fast food,2.0,0.0
2019-08-16,43771,27316,25,Burgers,13.0,3.0
2019-09-15,68330,43696,23,Pizza,4.0,0.0
2019-08-16,57094,38968,26,Pizza,2.0,0.0
2019-08-04,67436,35732,23,Sushi,1.0,1.0
2019-09-25,42860,26442,23,Pizza,1.0,0.0
2019-08-08,26323,17079,23,Sushi,19.0,1.0
2019-08-30,52947,35762,23,Russian,3.0,0.0
2019-07-11,51219,31065,26,Shawarma,0.0,1.0
2019-07-19,11517,6869,26,Sushi,7.0,0.0
2019-09-06,64601,42527,26,Burgers,1.0,0.0
2019-09-30,56553,38601,23,Shashlik,1.0,0.0
2019-07-10,54039,36852,26,Meat,1.0,0.0
2019-09-30,43919,30984,25,Sushi,6.0,0.0
2019-09-04,44974,31489,26,Vietnamese,2.0,0.0
2019-07-25,55532,36803,24,Sandwiches,4.0,0.0
2019-07-01,27683,19664,25,Burgers,25.0,0.0
2019-08-03,66582,36354,23,Sushi,1.0,0.0
2019-09-04,54968,37521,23,Baking,1.0,0.0
2019-09-24,23939,16558,25,Sushi,3.0,0.0
2019-06-03,59554,38521,23,Georgian,3.0,0.0
2019-08-06,20972,14039,26,Pizza,128.0,7.0
2019-08-10,52897,36154,23,Kebabs,1.0,0.0
2019-08-13,59554,38521,23,Georgian,1.0,0.0
2019-06-20,41695,29925,26,Burgers,124.0,0.0
2019-09-03,40265,6861,25,Sushi,25.0,0.0
2019-07-04,13702,8415,24,Sushi,1.0,0.0
2019-06-22,43707,30868,24,Kebabs,3.0,0.0
2019-09-12,43771,27316,25,Burgers,11.0,5.0
2019-07-10,49563,34160,26,Healthly food,1.0,0.0
2019-08-09,64209,42525,25,Sushi,11.0,0.0
2019-09-16,48910,33742,25,Fast food,22.0,0.0
2019-08-10,22137,15041,25,Pizza,7.0,1.0
2019-09-21,51211,35181,25,Meat,3.0,0.0
2019-09-12,57094,38968,26,Pizza,1.0,0.0
2019-08-02,47577,27332,26,Burgers,21.0,0.0
2019-06-18,56721,38731,23,Uzbek,1.0,0.0
2019-08-14,44365,31162,26,Burgers,41.0,3.0
2019-09-23,56211,37877,23,Sandwiches,1.0,0.0
2019-08-08,38465,28151,25,Pizza,18.0,1.0
2019-06-12,57675,39382,23,Shashlik,4.0,0.0
2019-09-05,68088,44347,25,Sushi,1.0,0.0
2019-08-19,64674,42754,25,Meat,11.0,0.0
2019-06-28,38715,28321,23,Burgers,27.0,6.0
2019-08-06,57319,39087,26,Shawarma,0.0,1.0
2019-06-07,57141,39009,24,Sandwiches,3.0,0.0
2019-07-30,53886,36734,24,Meat,2.0,0.0
2019-07-03,23333,16039,23,Pizza,45.0,1.0
2019-08-15,41074,29087,23,Sushi,2.0,0.0
2019-09-21,35414,26207,25,Sushi,14.0,1.0
2019-06-16,56203,37877,23,Sandwiches,6.0,0.0
2019-09-08,40131,7501,23,Sushi,6.0,0.0
2019-07-18,53984,36810,24,Sushi,1.0,0.0
2019-06-29,62496,41817,26,Shawarma,8.0,0.0
2019-07-23,41695,29925,26,Burgers,115.0,1.0
2019-06-07,4133,2350,23,Sushi,3.0,0.0
2019-06-22,11269,6753,26,Sushi,31.0,1.0
2019-08-27,60325,40968,26,Kebabs,2.0,0.0
2019-08-26,56845,38814,26,Soups,1.0,0.0
2019-06-13,55601,37937,23,Shawarma,1.0,0.0
2019-07-13,42276,30227,23,Sushi,3.0,0.0
2019-08-30,33491,4313,23,Sushi,13.0,0.0
2019-07-22,60741,41161,26,Italian,1.0,0.0
2019-07-13,43603,30802,25,Burgers,17.0,4.0
2019-09-29,3857,2145,26,Sushi,1.0,1.0
2019-09-06,65943,30047,25,Burgers,3.0,0.0
2019-09-09,59546,40575,25,Kebabs,0.0,1.0
2019-09-01,44112,30607,23,Burgers,34.0,0.0
2019-07-04,58421,39897,24,Russian,5.0,0.0
2019-08-01,48932,33762,23,Baking,5.0,0.0
2019-07-31,57753,39436,26,Lunches,6.0,0.0
2019-07-23,35688,26370,24,Baking,2.0,0.0
2019-09-04,17050,10797,26,Pasta and risotto,2.0,0.0
2019-07-31,16421,10405,26,Meat,5.0,0.0
2019-09-14,42795,23027,25,Fish,10.0,0.0
2019-09-02,56574,38618,23,Fast food,7.0,0.0
2019-06-13,56299,38430,25,Sushi,0.0,0.0
2019-06-05,41917,30080,25,Sushi,5.0,0.0
2019-07-08,36944,27181,24,Burgers,13.0,1.0
2019-07-07,11269,6753,26,Sushi,21.0,0.0
2019-08-21,39624,28892,25,Kebabs,2.0,2.0
2019-07-06,52094,35734,25,Sushi,9.0,0.0
2019-06-24,31543,22802,26,Baking,1.0,1.0
2019-08-14,56519,37877,23,Sandwiches,3.0,1.0
2019-08-08,42683,30409,24,Burgers,9.0,0.0
2019-08-19,65375,35762,23,Russian,2.0,0.0
2019-07-31,67586,44159,23,Italian,3.0,0.0
2019-09-21,46728,32362,23,Pizza,5.0,1.0
2019-07-21,65364,43034,23,Russian,2.0,0.0
2019-09-28,56896,29655,26,Meat,3.0,0.0
2019-08-04,65127,42928,24,Pizza,2.0,0.0
2019-07-19,58281,39813,24,Sushi,0.0,0.0
2019-09-26,64601,42527,26,Burgers,1.0,0.0
2019-09-03,72807,46154,24,Sushi,8.0,0.0
2019-09-14,38755,28350,23,Kebabs,5.0,0.0
2019-06-29,42676,30408,23,Burgers,20.0,0.0
2019-09-18,7504,4234,26,Russian,1.0,0.0
2019-08-28,71248,45678,26,Sushi,1.0,0.0
2019-08-09,34676,25567,26,Italian,3.0,1.0
2019-07-22,52108,35732,23,Sushi,1.0,0.0
2019-07-04,58866,40171,23,Dessert,2.0,0.0
2019-06-19,43803,30918,26,Russian,1.0,0.0
2019-07-30,53180,36320,25,Sushi,2.0,1.0
2019-06-07,44483,21014,25,Sushi,11.0,0.0
2019-09-11,69065,28321,23,Burgers,6.0,2.0
2019-09-23,36940,27181,24,Burgers,11.0,0.0
2019-06-12,56519,37877,23,Sandwiches,14.0,1.0
2019-08-01,42463,30316,26,Sushi,1.0,2.0
2019-07-10,45351,31679,23,Vietnamese,4.0,0.0
2019-06-20,52473,35732,23,Sushi,0.0,0.0
2019-08-04,4799,2726,25,Pizza,9.0,1.0
2019-09-15,44112,30607,23,Burgers,40.0,1.0
2019-09-03,52893,36154,23,Kebabs,1.0,0.0
2019-06-21,42195,30186,25,Burgers,24.0,0.0
2019-07-14,52820,35732,23,Sushi,4.0,0.0
2019-09-12,73279,46376,23,Pies,1.0,0.0
2019-08-16,7201,4085,26,Fish,15.0,0.0
2019-07-24,66110,32362,23,Pizza,5.0,0.0
2019-08-04,3813,2117,24,Sushi,2.0,0.0
2019-08-30,49320,31417,24,Burgers,32.0,12.0
2019-06-19,5839,3323,26,Pizza,17.0,0.0
2019-09-08,71045,45412,25,Sushi,1.0,0.0
2019-06-18,43106,30607,23,Burgers,5.0,0.0
2019-08-05,47649,32969,26,Fast food,6.0,0.0
2019-06-10,55705,35734,25,Sushi,6.0,0.0
2019-09-16,43107,30607,23,Burgers,44.0,0.0
2019-07-27,52867,36143,26,Georgian,2.0,0.0
2019-07-20,45319,31661,23,Burgers,12.0,0.0
2019-07-20,53819,36687,26,Soups,7.0,0.0
2019-08-03,64601,42527,26,Burgers,3.0,0.0
2019-06-15,52952,35762,23,Russian,35.0,1.0
2019-08-02,56896,29655,26,Meat,3.0,1.0
2019-08-09,60011,40837,23,Pizza,0.0,1.0
2019-07-19,51237,31065,26,Shawarma,1.0,0.0
2019-07-29,49754,34277,23,Pizza,4.0,0.0
2019-09-12,7201,4085,26,Fish,13.0,0.0
2019-06-11,61752,41545,25,Shawarma,7.0,0.0
2019-07-23,64436,35762,23,Russian,14.0,1.0
2019-08-30,41234,29690,26,Italian,8.0,0.0
2019-06-27,64162,42500,26,Sushi,7.0,1.0
2019-09-18,46112,32044,26,Sushi,0.0,2.0
2019-09-24,53221,36270,23,Japanese,2.0,0.0
2019-08-12,61796,37246,26,Sandwiches,4.0,0.0
2019-06-30,53993,36803,24,Sandwiches,3.0,0.0
2019-09-19,67741,42012,25,Russian,3.0,0.0
2019-09-11,70937,45518,23,Kebabs,2.0,1.0
2019-06-12,55241,36803,24,Sandwiches,6.0,0.0
2019-07-16,36944,27181,24,Burgers,15.0,1.0
2019-08-29,59649,40622,23,Lunches,0.0,1.0
2019-08-14,55241,36803,24,Sandwiches,4.0,0.0
2019-09-24,36943,27181,24,Burgers,21.0,1.0
2019-06-16,44965,31486,23,Dessert,3.0,0.0
2019-09-08,43100,30607,23,Burgers,39.0,2.0
2019-08-24,70028,26302,26,Sushi,0.0,1.0
2019-06-19,54804,37386,23,Fast food,3.0,0.0
2019-07-25,4133,2350,23,Sushi,3.0,0.0
2019-07-05,38457,28146,23,Sushi,1.0,0.0
2019-07-03,3756,2070,25,Meat,22.0,0.0
2019-08-04,36838,27131,23,Burgers,3.0,0.0
2019-06-14,51019,35037,26,Sushi,0.0,1.0
2019-07-23,31508,22769,23,Sushi,1.0,0.0
2019-06-05,40812,29461,25,Georgian,6.0,0.0
2019-09-08,40748,19664,25,Burgers,7.0,0.0
2019-08-06,56684,38685,26,Meat,1.0,0.0
2019-07-27,49199,33945,25,Sushi,4.0,0.0
2019-07-05,65373,43034,23,Russian,1.0,0.0
2019-07-26,20898,13970,24,Pizza,0.0,1.0
2019-09-07,71024,36270,23,Japanese,2.0,0.0
2019-09-12,44354,31162,26,Burgers,52.0,0.0
2019-06-05,54116,36912,23,Pizza,15.0,0.0
2019-06-23,62505,41825,25,Italian,3.0,0.0
2019-07-02,38733,28334,25,Kebabs,4.0,0.0
2019-07-23,8625,5012,25,Korean,2.0,0.0
2019-07-30,34670,25567,26,Italian,4.0,0.0
2019-08-16,44354,31162,26,Burgers,72.0,14.0
2019-07-15,59546,40575,25,Kebabs,0.0,1.0
2019-09-24,48075,28359,25,Pizza,1.0,0.0
2019-08-20,57742,39427,24,Healthly food,1.0,0.0
2019-09-27,55450,37838,25,Sushi,12.0,0.0
2019-06-24,60878,41231,23,Russian,2.0,0.0
2019-08-18,11486,6861,25,Sushi,8.0,0.0
2019-08-30,49829,34340,26,Pizza,1.0,0.0
2019-07-26,53627,36555,24,Burgers,6.0,0.0
2019-08-19,35134,25968,25,Burgers,7.0,0.0
2019-07-20,53913,36755,24,Sushi,3.0,1.0
2019-06-24,53993,36803,24,Sandwiches,8.0,0.0
2019-07-14,36249,26727,25,Sushi,2.0,0.0
2019-09-28,29161,20821,26,Fish,1.0,0.0
2019-06-15,53614,36547,23,Burgers,4.0,0.0
2019-09-06,64162,42500,26,Sushi,4.0,0.0
2019-07-31,49678,34222,23,Meat,2.0,1.0
2019-08-15,57704,39400,24,Russian,4.0,0.0
2019-08-29,54198,36968,26,Sushi,2.0,1.0
2019-08-23,71597,45848,23,Kebabs,1.0,0.0
2019-08-25,52105,35732,23,Sushi,5.0,0.0
2019-06-13,44362,31162,26,Burgers,113.0,5.0
2019-08-22,62433,41772,25,Lunches,13.0,0.0
2019-07-18,52209,35762,23,Russian,7.0,0.0
2019-08-28,49723,34248,23,Sandwiches,3.0,0.0
2019-06-25,41139,29655,26,Meat,1.0,0.0
2019-07-25,44483,21014,25,Sushi,7.0,0.0
2019-08-27,71026,36270,23,Japanese,3.0,0.0
2019-09-24,27913,19863,23,Sushi,5.0,0.0
2019-07-26,42675,30408,23,Burgers,31.0,1.0
2019-06-13,57354,39142,26,Burgers,3.0,0.0
2019-06-23,63480,33460,24,Pizza,2.0,0.0
2019-08-02,29161,20821,26,Fish,2.0,0.0
2019-08-29,51892,35648,25,Sushi,1.0,0.0
2019-06-30,60878,41231,23,Russian,4.0,0.0
2019-09-20,59263,40413,26,Pizza,3.0,0.0
2019-07-06,58395,39761,24,Kebabs,1.0,1.0
2019-07-30,48910,33742,25,Fast food,51.0,3.0
2019-09-13,61812,40289,23,Kebabs,2.0,0.0
2019-07-20,54613,37273,23,Lunches,15.0,0.0
2019-07-12,56511,38565,26,Meat,0.0,1.0
2019-08-19,41693,29925,26,Burgers,25.0,1.0
2019-07-25,44233,31109,25,Sushi,5.0,0.0
2019-08-12,48405,33460,24,Pizza,1.0,0.0
2019-09-09,58332,39847,24,Russian,1.0,0.0
2019-09-13,62268,26207,25,Sushi,10.0,0.0
2019-08-26,54170,27181,24,Burgers,13.0,2.0
2019-09-28,59228,31712,26,Baking,4.0,1.0
2019-06-02,52203,35757,26,Fast food,11.0,0.0
2019-06-24,54613,37273,23,Lunches,16.0,0.0
2019-06-18,51235,31065,26,Shawarma,7.0,0.0
2019-08-20,44287,31139,24,Sushi,2.0,0.0
2019-08-24,37817,27715,25,Sushi,10.0,0.0
2019-09-08,38095,27909,25,Sushi,2.0,0.0
2019-07-10,52102,35732,23,Sushi,2.0,0.0
2019-07-07,46085,28550,24,Sushi,5.0,0.0
2019-06-12,39878,29032,26,Sushi,1.0,0.0
2019-09-02,52209,35762,23,Russian,13.0,0.0
2019-09-30,76557,36072,26,Uzbek,2.0,0.0
2019-07-26,56220,38376,25,Georgian,7.0,0.0
2019-09-20,65337,43034,23,Russian,0.0,0.0
2019-07-19,36405,26847,23,Kebabs,16.0,0.0
2019-08-23,56118,35732,23,Sushi,1.0,0.0
2019-08-12,65606,37988,25,Sushi,1.0,0.0
2019-08-31,7850,4449,26,Japanese,10.0,1.0
2019-08-21,4286,2460,26,Indian,3.0,0.0
2019-08-24,5504,3158,25,Sushi,26.0,0.0
2019-09-04,12417,7501,23,Sushi,14.0,1.0
2019-09-15,74739,45823,23,Kebabs,0.0,1.0
2019-08-18,71024,36270,23,Japanese,3.0,0.0
2019-08-23,64401,42616,25,Russian,7.0,1.0
2019-07-26,48261,33359,26,Russian,1.0,0.0
2019-06-24,53913,36755,24,Sushi,12.0,0.0
2019-07-20,53993,36803,24,Sandwiches,3.0,0.0
2019-07-14,53418,36426,25,Sushi,3.0,1.0
2019-08-02,56207,37877,23,Sandwiches,1.0,0.0
2019-06-28,51223,31065,26,Shawarma,8.0,2.0
2019-08-24,63852,42352,23,Pizza,1.0,0.0
2019-08-02,59228,31712,26,Baking,1.0,1.0
2019-09-07,11486,6861,25,Sushi,8.0,0.0
2019-07-10,24152,16039,23,Pizza,21.0,0.0
2019-07-16,66076,42616,25,Russian,4.0,0.0
