date,vendor_id,chain_id,city_id,spec,successful_orders,fail_orders,translated
2019-07-08,58080,39668,26,Sushi,0.0,1.0,Sushi
2019-08-09,33264,24325,24,Burgers,1.0,0.0,Burgers
2019-08-29,36014,26442,23,Pizza,1.0,0.0,Pizza
2019-07-30,69065,28321,23,Burgers,0.0,0.0,Burgers
2019-06-25,55666,37988,25,Sushi,8.0,0.0,Sushi
2019-08-07,58448,39919,25,Sushi,1.0,0.0,Sushi
2019-09-22,52102,35732,23,Sushi,3.0,0.0,Sushi
2019-08-22,65606,37988,25,Sushi,2.0,0.0,Sushi
2019-06-26,32241,23414,25,Sushi,1.0,0.0,Sushi
2019-08-22,48500,33529,23,Sushi,3.0,0.0,Sushi
2019-09-30,35414,26207,25,Sushi,6.0,0.0,Sushi
2019-09-06,36688,27029,24,Kebabs,0.0,1.0,Kebabs
2019-08-23,54250,37005,23,Georgian,3.0,0.0,Georgian
2019-08-20,35134,25968,25,Burgers,4.0,0.0,Burgers
2019-09-18,51526,35402,25,Meat,2.0,0.0,Meat
2019-08-02,20972,14039,26,Pizza,172.0,8.0,Pizza
2019-07-28,62995,42018,23,Shawarma,11.0,0.0,Shawarma
2019-08-20,67344,44037,23,Pizza,4.0,0.0,Pizza
2019-06-20,8465,4877,25,Sushi,5.0,0.0,Sushi
2019-08-06,47577,27332,26,Burgers,10.0,0.0,Burgers
2019-06-06,43863,29925,26,Burgers,40.0,0.0,Burgers
2019-09-03,44850,31417,24,Burgers,46.0,2.0,Burgers
2019-06-11,55241,36803,24,Sandwiches,9.0,0.0,Sandwiches
2019-07-22,46925,31529,23,Shawarma,1.0,0.0,Shawarma
2019-07-03,56523,38574,24,Kebabs,3.0,0.0,Kebabs
2019-09-13,56203,37877,23,Sandwiches,4.0,0.0,Sandwiches
2019-06-24,27683,19664,25,Burgers,46.0,0.0,Burgers
2019-06-17,7710,4346,26,Sushi,2.0,0.0,Sushi
2019-07-17,54198,36968,26,Sushi,3.0,0.0,Sushi
2019-08-16,71093,36270,23,Japanese,4.0,0.0,Japanese
2019-07-09,54968,37521,23,Baking,1.0,0.0,Baking
2019-07-09,44974,31489,26,Vietnamese,1.0,0.0,Vietnamese
2019-07-13,41695,29925,26,Burgers,109.0,0.0,Burgers
2019-08-20,70990,45545,24,Shawarma,2.0,1.0,Shawarma
2019-08-22,61039,41289,24,Pizza,2.0,0.0,Pizza
2019-07-19,41152,29666,26,Meat,3.0,0.0,Meat
2019-07-24,7710,4346,26,Sushi,3.0,0.0,Sushi
2019-06-03,48987,33800,23,Sushi,2.0,0.0,Sushi
2019-06-04,52947,35762,23,Russian,14.0,0.0,Russian
2019-08-07,59228,31712,26,Baking,3.0,1.0,Baking
2019-08-19,36622,26980,24,Pizza,5.0,0.0,Pizza
2019-06-05,7654,4313,23,Sushi,59.0,7.0,Sushi
2019-07-14,48286,33373,25,Shawarma,7.0,0.0,Shawarma
2019-08-07,56207,37877,23,Sandwiches,1.0,0.0,Sandwiches
2019-09-12,71093,36270,23,Japanese,5.0,0.0,Japanese
2019-08-28,69654,41644,23,Italian,6.0,0.0,Italian
2019-07-30,53896,36741,25,Sushi,1.0,0.0,Sushi
2019-07-19,38621,28259,24,Sushi,19.0,1.0,Sushi
2019-07-13,35688,26370,24,Baking,2.0,0.0,Baking
2019-08-28,71084,36270,23,Japanese,9.0,2.0,Japanese
2019-09-01,49324,31417,24,Burgers,11.0,3.0,Burgers
2019-09-19,42860,26442,23,Pizza,2.0,0.0,Pizza
2019-07-29,38335,28054,25,Sushi,3.0,1.0,Sushi
2019-08-28,63041,42032,23,unknown,4.0,0.0,unknown
2019-08-30,59263,40413,26,Pizza,1.0,0.0,Pizza
2019-08-17,71021,36270,23,Japanese,1.0,0.0,Japanese
2019-06-21,13629,8357,23,Pizza,20.0,0.0,Pizza
2019-07-23,42276,30227,23,Sushi,6.0,0.0,Sushi
2019-08-12,48929,33759,23,Fast food,3.0,0.0,Fast food
2019-06-14,53122,36273,26,Italian,2.0,1.0,Italian
2019-07-22,18463,11886,24,Meat,5.0,0.0,Meat
2019-08-22,53615,36547,23,Burgers,4.0,0.0,Burgers
2019-08-13,61256,41388,24,Kebabs,2.0,0.0,Kebabs
2019-07-18,46413,32204,26,Fast food,1.0,0.0,Fast food
2019-08-20,42387,30281,24,Kebabs,2.0,0.0,Kebabs
2019-06-25,57312,39087,26,Shawarma,5.0,0.0,Shawarma
2019-09-11,57273,39087,26,Shawarma,0.0,1.0,Shawarma
2019-07-11,38454,28146,23,Sushi,8.0,1.0,Sushi
2019-06-08,35823,26442,23,Pizza,7.0,0.0,Pizza
2019-08-12,38459,28146,23,Sushi,6.0,0.0,Sushi
2019-07-23,43603,30802,25,Burgers,4.0,2.0,Burgers
2019-06-10,53909,36751,25,Kebabs,20.0,0.0,Kebabs
2019-06-26,43103,30607,23,Burgers,6.0,4.0,Burgers
2019-09-14,52946,35762,23,Russian,10.0,0.0,Russian
2019-09-20,73995,46729,23,Sushi,9.0,0.0,Sushi
2019-07-17,59649,40622,23,Lunches,4.0,0.0,Lunches
2019-08-12,53418,36426,25,Sushi,5.0,0.0,Sushi
2019-07-04,40059,7501,23,Sushi,29.0,2.0,Sushi
2019-06-09,62244,41644,23,Italian,0.0,3.0,Italian
2019-09-11,52104,35732,23,Sushi,2.0,0.0,Sushi
2019-06-30,27683,19664,25,Burgers,18.0,0.0,Burgers
2019-09-21,54277,36803,24,Sandwiches,7.0,1.0,Sandwiches
2019-08-24,53238,36354,23,Sushi,0.0,0.0,Sushi
2019-09-10,11269,6753,26,Sushi,12.0,0.0,Sushi
2019-08-14,24152,16039,23,Pizza,12.0,2.0,Pizza
2019-08-21,45142,31577,26,Pan-Asian,4.0,0.0,Pan-Asian
2019-09-20,41234,29690,26,Italian,4.0,0.0,Italian
2019-09-08,59783,40708,25,Russian,2.0,0.0,Russian
2019-08-11,63041,42032,23,unknown,2.0,0.0,unknown
2019-06-25,42200,30186,25,Burgers,2.0,0.0,Burgers
2019-06-15,57473,39231,26,Sandwiches,6.0,0.0,Sandwiches
2019-08-31,62564,41845,25,Fast food,2.0,0.0,Fast food
2019-09-28,42388,30281,24,Kebabs,1.0,1.0,Kebabs
2019-07-18,65954,43223,23,Fast food,1.0,0.0,Fast food
2019-07-14,65606,37988,25,Sushi,4.0,0.0,Sushi
2019-06-10,37986,27838,23,Russian,1.0,0.0,Russian
2019-08-11,69654,41644,23,Italian,9.0,0.0,Italian
2019-08-22,69538,44840,23,Kebabs,4.0,0.0,Kebabs
2019-08-06,60217,40944,25,Sushi,1.0,0.0,Sushi
2019-08-18,60325,40968,26,Kebabs,2.0,0.0,Kebabs
2019-07-21,40742,29427,25,Sushi,15.0,0.0,Sushi
2019-09-20,49829,34340,26,Pizza,1.0,0.0,Pizza
2019-07-10,39878,29032,26,Sushi,0.0,1.0,Sushi
2019-09-15,49324,31417,24,Burgers,21.0,3.0,Burgers
2019-09-03,12274,7398,24,Sushi,14.0,0.0,Sushi
2019-07-04,22063,14970,26,Pizza,6.0,1.0,Pizza
2019-08-02,42388,30281,24,Kebabs,4.0,0.0,Kebabs
2019-07-01,53819,36687,26,Soups,4.0,0.0,Soups
2019-06-12,52102,35732,23,Sushi,1.0,0.0,Sushi
2019-08-19,66714,43476,24,Sushi,1.0,0.0,Sushi
2019-07-01,45319,31661,23,Burgers,8.0,0.0,Burgers
2019-07-28,59062,40289,23,Kebabs,3.0,0.0,Kebabs
2019-09-21,60162,40922,25,Uzbek,4.0,0.0,Uzbek
2019-09-13,67512,44028,24,Shawarma,10.0,0.0,Shawarma
2019-09-24,57505,39258,26,Georgian,1.0,1.0,Georgian
2019-09-09,52203,35757,26,Fast food,11.0,0.0,Fast food
2019-08-14,52102,35732,23,Sushi,1.0,0.0,Sushi
2019-06-05,50435,34694,23,Sushi,3.0,0.0,Sushi
2019-06-19,54170,27181,24,Burgers,31.0,1.0,Burgers
2019-09-18,53692,36597,24,Vietnamese,7.0,0.0,Vietnamese
2019-06-02,58332,39847,24,Russian,1.0,0.0,Russian
2019-09-17,57641,36278,26,Shawarma,2.0,0.0,Shawarma
2019-08-17,41695,29925,26,Burgers,152.0,0.0,Burgers
2019-08-01,43106,30607,23,Burgers,16.0,0.0,Burgers
2019-06-16,25353,17745,24,Sushi,1.0,0.0,Sushi
2019-07-02,45348,31677,23,Russian,3.0,0.0,Russian
2019-08-22,29376,21014,25,Sushi,26.0,0.0,Sushi
2019-08-10,61269,41394,24,Pasta and risotto,0.0,1.0,Pasta and risotto
2019-06-06,44190,31065,26,Shawarma,6.0,1.0,Shawarma
2019-09-10,43707,30868,24,Kebabs,1.0,0.0,Kebabs
2019-06-11,7153,4049,24,Sushi,12.0,1.0,Sushi
2019-08-20,43410,30729,25,Burgers,42.0,2.0,Burgers
2019-09-17,44354,31162,26,Burgers,37.0,5.0,Burgers
2019-07-13,52473,35732,23,Sushi,1.0,0.0,Sushi
2019-09-05,52958,36176,23,Pies,1.0,0.0,Pies
2019-08-26,67256,43981,23,Breakfast,1.0,0.0,Breakfast
2019-08-15,44112,30607,23,Burgers,38.0,7.0,Burgers
2019-06-21,48191,33305,23,Sushi,1.0,0.0,Sushi
2019-07-01,31543,22802,26,Baking,2.0,0.0,Baking
2019-09-21,56209,37877,23,Sandwiches,1.0,0.0,Sandwiches
2019-08-14,52092,35732,23,Sushi,2.0,0.0,Sushi
2019-08-17,35688,26370,24,Baking,2.0,0.0,Baking
2019-06-12,52092,35732,23,Sushi,2.0,0.0,Sushi
2019-07-17,66932,36803,24,Sandwiches,0.0,1.0,Sandwiches
2019-06-18,42463,30316,26,Sushi,3.0,0.0,Sushi
2019-08-22,18473,11886,24,Meat,5.0,0.0,Meat
2019-08-12,36249,26727,25,Sushi,2.0,0.0,Sushi
2019-06-13,36507,26902,24,Hot dogs,4.0,0.0,Hot dogs
2019-06-10,31493,22757,24,Kebabs,3.0,0.0,Kebabs
2019-06-04,33491,4313,23,Sushi,15.0,0.0,Sushi
2019-07-08,56118,35732,23,Sushi,8.0,0.0,Sushi
2019-09-21,41240,29694,26,Burgers,10.0,0.0,Burgers
2019-08-12,66768,43723,23,Italian,2.0,0.0,Italian
2019-09-24,72705,46112,24,Uzbek,3.0,0.0,Uzbek
2019-07-30,52078,16039,23,Pizza,7.0,0.0,Pizza
2019-07-19,19666,12898,25,Chinese,9.0,1.0,Chinese
2019-07-30,58330,39847,24,Russian,1.0,0.0,Russian
2019-06-20,43603,30802,25,Burgers,10.0,0.0,Burgers
2019-07-26,48285,33373,25,Shawarma,1.0,0.0,Shawarma
2019-09-26,68065,44004,23,Shawarma,1.0,0.0,Shawarma
2019-09-24,12153,3158,25,Sushi,9.0,0.0,Sushi
2019-06-18,48932,33762,23,Baking,3.0,0.0,Baking
2019-08-07,29161,20821,26,Fish,1.0,0.0,Fish
2019-08-24,35580,26302,26,Sushi,6.0,0.0,Sushi
2019-09-07,60325,40968,26,Kebabs,1.0,0.0,Kebabs
2019-07-15,45283,31646,26,Burgers,1.0,0.0,Burgers
2019-06-05,21384,14355,25,Sushi,2.0,0.0,Sushi
2019-09-15,41074,29087,23,Sushi,1.0,0.0,Sushi
2019-06-26,49678,34222,23,Meat,5.0,0.0,Meat
2019-08-31,61313,36803,24,Sandwiches,2.0,0.0,Sandwiches
2019-08-26,54804,37386,23,Fast food,1.0,0.0,Fast food
2019-08-06,33314,24369,25,Sushi,2.0,0.0,Sushi
2019-08-08,63187,42083,23,Russian,3.0,0.0,Russian
2019-06-28,48415,33465,25,Meat,4.0,0.0,Meat
2019-07-14,61796,37246,26,Sandwiches,12.0,1.0,Sandwiches
2019-09-02,46413,32204,26,Fast food,3.0,0.0,Fast food
2019-07-20,27683,19664,25,Burgers,12.0,0.0,Burgers
2019-09-30,63478,33460,24,Pizza,1.0,0.0,Pizza
2019-08-30,65337,43034,23,Russian,2.0,0.0,Russian
2019-08-20,51221,31065,26,Shawarma,13.0,0.0,Shawarma
2019-09-23,73455,46469,24,Pizza,3.0,0.0,Pizza
2019-07-10,55241,36803,24,Sandwiches,10.0,2.0,Sandwiches
2019-08-20,65815,43263,26,Sushi,7.0,1.0,Sushi
2019-07-18,16353,10348,25,Pizza,3.0,0.0,Pizza
2019-07-27,67154,43909,24,Soups,1.0,0.0,Soups
2019-08-17,31508,22769,23,Sushi,5.0,1.0,Sushi
2019-09-13,74486,26274,25,Russian,5.0,0.0,Russian
2019-08-14,45351,31679,23,Vietnamese,5.0,0.0,Vietnamese
2019-06-22,49809,34321,23,Burgers,7.0,0.0,Burgers
2019-09-17,55271,37733,24,Pizza,0.0,1.0,Pizza
2019-09-20,75150,47278,24,Sushi,1.0,0.0,Sushi
2019-09-10,46085,28550,24,Sushi,2.0,0.0,Sushi
2019-06-12,45351,31679,23,Vietnamese,3.0,0.0,Vietnamese
2019-06-26,16421,10405,26,Meat,3.0,0.0,Meat
2019-06-22,44315,31154,24,Sushi,5.0,0.0,Sushi
2019-07-29,65419,43050,24,Fast food,3.0,0.0,Fast food
2019-06-16,62268,26207,25,Sushi,5.0,0.0,Sushi
2019-06-26,57753,39436,26,Lunches,4.0,0.0,Lunches
2019-06-28,44851,31417,24,Burgers,33.0,1.0,Burgers
2019-08-12,52820,35732,23,Sushi,2.0,0.0,Sushi
2019-08-26,43803,30918,26,Russian,1.0,0.0,Russian
2019-07-02,55307,37755,26,Sushi,22.0,0.0,Sushi
2019-09-16,67346,40552,26,Dessert,1.0,0.0,Dessert
2019-08-31,42681,30408,23,Burgers,22.0,0.0,Burgers
2019-07-01,53993,36803,24,Sandwiches,4.0,1.0,Sandwiches
2019-07-10,56519,37877,23,Sandwiches,6.0,0.0,Sandwiches
2019-07-28,67256,43981,23,Breakfast,4.0,0.0,Breakfast
2019-07-28,54967,37521,23,Baking,1.0,0.0,Baking
2019-09-15,57704,39400,24,Russian,1.0,1.0,Russian
2019-07-04,7502,4234,26,Russian,3.0,0.0,Russian
2019-06-27,26324,17079,23,Sushi,30.0,1.0,Sushi
2019-09-14,44031,3066,25,Pizza,14.0,0.0,Pizza
2019-07-05,50581,29888,25,Pizza,2.0,0.0,Pizza
2019-09-08,22517,15356,24,Japanese,2.0,0.0,Japanese
2019-09-20,52947,35762,23,Russian,7.0,0.0,Russian
2019-08-25,69711,44910,25,Uzbek,6.0,0.0,Uzbek
2019-08-21,38037,27874,24,Sushi,9.0,0.0,Sushi
2019-09-05,41782,29996,25,Uzbek,5.0,0.0,Uzbek
2019-06-25,35580,26302,26,Sushi,7.0,1.0,Sushi
2019-09-12,62983,42011,23,Meat,1.0,0.0,Meat
2019-07-16,45358,31681,26,Sushi,1.0,0.0,Sushi
2019-07-11,8465,4877,25,Sushi,4.0,0.0,Sushi
2019-09-17,7201,4085,26,Fish,13.0,0.0,Fish
2019-08-04,67520,44128,24,Breakfast,1.0,0.0,Breakfast
2019-08-22,71429,45780,24,Hummus,1.0,0.0,Hummus
2019-07-03,41678,29925,26,Burgers,34.0,2.0,Burgers
2019-09-10,73483,46484,23,Japanese,1.0,0.0,Japanese
2019-08-07,56896,29655,26,Meat,6.0,0.0,Meat
2019-06-28,33309,24369,25,Sushi,2.0,0.0,Sushi
2019-09-17,73279,46376,23,Pies,1.0,0.0,Pies
2019-07-27,31901,17079,23,Sushi,17.0,2.0,Sushi
2019-07-01,60878,41231,23,Russian,1.0,0.0,Russian
2019-08-10,44370,31162,26,Burgers,19.0,8.0,Burgers
2019-07-25,14336,8913,24,Burgers,4.0,0.0,Burgers
2019-09-02,55499,37875,25,Pizza,1.0,0.0,Pizza
2019-07-28,54804,37386,23,Fast food,1.0,0.0,Fast food
2019-07-03,41586,29888,25,Pizza,1.0,0.0,Pizza
2019-08-30,71014,36270,23,Japanese,4.0,0.0,Japanese
2019-08-16,62983,42011,23,Meat,2.0,0.0,Meat
2019-09-24,55036,37554,26,Baking,0.0,0.0,Baking
2019-08-04,19079,4346,26,Sushi,1.0,0.0,Sushi
2019-09-01,57704,39400,24,Russian,2.0,1.0,Russian
2019-07-14,54361,37094,26,Indian,2.0,0.0,Indian
2019-08-20,59660,40630,23,Burgers,1.0,0.0,Burgers
2019-07-10,44365,31162,26,Burgers,9.0,0.0,Burgers
2019-07-07,49809,34321,23,Burgers,2.0,0.0,Burgers
2019-08-22,63709,42224,26,Russian,1.0,0.0,Russian
2019-06-15,42576,30383,23,Pizza,0.0,1.0,Pizza
2019-08-25,43862,28498,23,Sushi,3.0,0.0,Sushi
2019-08-27,71024,36270,23,Japanese,1.0,0.0,Japanese
2019-06-15,39016,28522,25,Pizza,0.0,2.0,Pizza
2019-07-18,59648,40622,23,Lunches,3.0,1.0,Lunches
2019-08-23,66076,42616,25,Russian,8.0,0.0,Russian
2019-06-22,45665,31821,23,Dessert,1.0,0.0,Dessert
2019-06-24,35430,26220,25,Pizza,2.0,0.0,Pizza
2019-07-16,56118,35732,23,Sushi,1.0,0.0,Sushi
2019-09-22,55450,37838,25,Sushi,5.0,1.0,Sushi
2019-06-16,54607,37268,24,Dessert,2.0,0.0,Dessert
2019-07-07,44315,31154,24,Sushi,1.0,0.0,Sushi
2019-07-02,62854,41962,26,Uzbek,0.0,2.0,Uzbek
2019-09-09,45283,31646,26,Burgers,1.0,0.0,Burgers
2019-07-09,63970,42402,25,Sushi,1.0,0.0,Sushi
2019-09-21,54078,36883,23,Sushi,2.0,0.0,Sushi
2019-08-19,59333,40448,23,Sushi,1.0,0.0,Sushi
2019-09-06,26324,17079,23,Sushi,13.0,4.0,Sushi
2019-09-12,41697,29925,26,Burgers,73.0,3.0,Burgers
2019-07-19,63103,42051,24,Georgian,1.0,0.0,Georgian
2019-08-28,42673,30408,23,Burgers,7.0,0.0,Burgers
2019-08-14,54039,36852,26,Meat,1.0,0.0,Meat
2019-09-08,51918,35663,23,Italian,1.0,0.0,Italian
2019-07-13,31508,22769,23,Sushi,4.0,0.0,Sushi
2019-09-13,44965,31486,23,Dessert,1.0,0.0,Dessert
2019-07-19,59051,40280,26,Sushi,6.0,0.0,Sushi
2019-08-14,49563,34160,26,Healthly food,3.0,0.0,Healthly food
2019-08-11,56544,38592,23,Kebabs,3.0,0.0,Kebabs
2019-08-07,65636,32362,23,Pizza,3.0,0.0,Pizza
2019-07-05,62717,41922,23,Pizza,2.0,0.0,Pizza
2019-08-05,42378,30186,25,Burgers,25.0,2.0,Burgers
2019-07-11,49070,33859,25,Sushi,4.0,0.0,Sushi
2019-07-05,47746,33022,24,Fast food,7.0,0.0,Fast food
2019-08-16,41697,29925,26,Burgers,54.0,1.0,Burgers
2019-07-18,55499,37875,25,Pizza,2.0,0.0,Pizza
2019-08-24,57312,39087,26,Shawarma,3.0,1.0,Shawarma
2019-07-03,59553,38521,23,Georgian,1.0,0.0,Georgian
2019-08-18,71026,36270,23,Japanese,4.0,0.0,Japanese
2019-09-27,7153,4049,24,Sushi,10.0,0.0,Sushi
2019-09-07,56106,38303,24,Kebabs,1.0,0.0,Kebabs
2019-08-12,52944,35762,23,Russian,1.0,0.0,Russian
2019-09-30,55178,37667,23,Fast food,2.0,0.0,Fast food
2019-08-08,38467,28151,25,Pizza,16.0,1.0,Pizza
2019-07-13,8625,5012,25,Korean,4.0,0.0,Korean
2019-06-06,58436,39911,25,Sushi,1.0,0.0,Sushi
2019-09-21,56376,28632,23,Burgers,1.0,0.0,Burgers
2019-08-02,53412,36426,25,Sushi,39.0,0.0,Sushi
2019-09-04,4796,2726,25,Pizza,28.0,0.0,Pizza
2019-07-30,45167,31590,23,Sushi,2.0,0.0,Sushi
2019-06-23,53423,36431,25,Shashlik,1.0,0.0,Shashlik
2019-08-09,3771,2083,26,Russian,12.0,2.0,Russian
2019-08-31,20805,13890,26,Pizza,1.0,0.0,Pizza
2019-09-25,44278,31138,23,Sushi,4.0,0.0,Sushi
2019-09-23,35659,26353,25,Meat,3.0,0.0,Meat
2019-09-20,49320,31417,24,Burgers,35.0,6.0,Burgers
2019-08-12,60542,41073,23,Pizza,3.0,0.0,Pizza
2019-07-23,49572,34166,25,Vegetarian menu,1.0,0.0,Vegetarian menu
2019-06-21,53229,35732,23,Sushi,1.0,0.0,Sushi
2019-09-02,16353,10348,25,Pizza,4.0,0.0,Pizza
2019-08-26,71018,36270,23,Japanese,5.0,0.0,Japanese
2019-06-17,35823,26442,23,Pizza,5.0,0.0,Pizza
2019-08-06,58448,39919,25,Sushi,2.0,0.0,Sushi
2019-07-09,12417,7501,23,Sushi,26.0,0.0,Sushi
2019-09-17,57094,38968,26,Pizza,2.0,0.0,Pizza
2019-09-03,44739,2726,25,Pizza,3.0,0.0,Pizza
2019-07-24,35823,26442,23,Pizza,3.0,0.0,Pizza
2019-09-16,52078,16039,23,Pizza,22.0,0.0,Pizza
2019-09-11,48969,33784,25,Burgers,21.0,0.0,Burgers
2019-06-09,47250,32692,26,Healthly food,1.0,0.0,Healthly food
2019-07-11,24156,16039,23,Pizza,23.0,2.0,Pizza
2019-09-04,47301,32732,26,Pizza,2.0,0.0,Pizza
2019-07-09,59757,40693,25,Kebabs,1.0,0.0,Kebabs
2019-09-16,58330,39847,24,Russian,1.0,0.0,Russian
2019-08-07,47577,27332,26,Burgers,17.0,0.0,Burgers
2019-08-23,36944,27181,24,Burgers,11.0,3.0,Burgers
2019-06-28,64811,37386,23,Fast food,1.0,0.0,Fast food
2019-07-01,53913,36755,24,Sushi,13.0,0.0,Sushi
2019-07-29,44849,31417,24,Burgers,40.0,5.0,Burgers
2019-06-10,57975,36907,26,Lunches,4.0,0.0,Lunches
2019-09-26,26324,17079,23,Sushi,26.0,1.0,Sushi
2019-06-29,35712,26380,23,Sushi,2.0,0.0,Sushi
2019-08-26,59062,40289,23,Kebabs,1.0,0.0,Kebabs
2019-07-27,39976,29087,23,Sushi,3.0,0.0,Sushi
2019-06-16,61812,40289,23,Kebabs,4.0,1.0,Kebabs
2019-08-03,26324,17079,23,Sushi,25.0,3.0,Sushi
2019-07-01,54613,37273,23,Lunches,20.0,1.0,Lunches
2019-06-25,53238,36354,23,Sushi,1.0,0.0,Sushi
2019-08-28,56544,38592,23,Kebabs,1.0,0.0,Kebabs
2019-07-15,52203,35757,26,Fast food,7.0,0.0,Fast food
2019-09-21,48349,33420,23,Sushi,41.0,0.0,Sushi
2019-08-28,71082,36270,23,Japanese,5.0,0.0,Japanese
2019-09-23,53355,29925,26,Burgers,18.0,0.0,Burgers
2019-08-22,5342,3066,25,Pizza,14.0,1.0,Pizza
2019-08-24,42200,30186,25,Burgers,19.0,5.0,Burgers
2019-08-22,54455,37164,25,Meat,11.0,0.0,Meat
2019-09-20,33491,4313,23,Sushi,11.0,0.0,Sushi
2019-06-09,52897,36154,23,Kebabs,2.0,0.0,Kebabs
2019-08-31,71443,45785,23,Sushi,3.0,0.0,Sushi
2019-08-04,43863,29925,26,Burgers,25.0,8.0,Burgers
2019-08-10,70394,45270,26,Burgers,2.0,2.0,Burgers
2019-08-11,42673,30408,23,Burgers,10.0,2.0,Burgers
2019-08-27,11486,6861,25,Sushi,4.0,0.0,Sushi
2019-06-08,7710,4346,26,Sushi,2.0,0.0,Sushi
2019-08-01,51235,31065,26,Shawarma,2.0,0.0,Shawarma
2019-07-19,20967,14034,24,Pizza,91.0,3.0,Pizza
2019-06-09,22137,15041,25,Pizza,12.0,0.0,Pizza
2019-08-24,71362,45749,26,Georgian,0.0,1.0,Georgian
2019-07-16,41134,29652,26,Mexican,2.0,0.0,Mexican
2019-08-27,37198,27303,23,Sushi,14.0,0.0,Sushi
2019-09-14,44373,31162,26,Burgers,22.0,2.0,Burgers
2019-06-16,41860,30047,25,Burgers,13.0,0.0,Burgers
2019-09-22,49563,34160,26,Healthly food,4.0,0.0,Healthly food
2019-09-11,34670,25567,26,Italian,1.0,0.0,Italian
2019-09-18,55036,37554,26,Baking,1.0,0.0,Baking
2019-08-10,48412,31529,23,Shawarma,1.0,0.0,Shawarma
2019-09-04,55849,38126,24,Pasta and risotto,5.0,0.0,Pasta and risotto
2019-08-08,46399,32193,23,Pizza,1.0,0.0,Pizza
2019-07-27,65500,39009,24,Sandwiches,2.0,0.0,Sandwiches
2019-06-29,61532,41480,25,Shawarma,4.0,0.0,Shawarma
2019-06-19,41231,29690,26,Italian,3.0,0.0,Italian
2019-06-12,61752,41545,25,Shawarma,6.0,0.0,Shawarma
2019-08-20,65375,35762,23,Russian,3.0,0.0,Russian
2019-08-17,56158,38333,25,Kebabs,0.0,1.0,Kebabs
2019-06-25,52399,35872,24,Pizza,1.0,0.0,Pizza
2019-08-14,61752,41545,25,Shawarma,2.0,0.0,Shawarma
2019-09-26,42675,30408,23,Burgers,44.0,0.0,Burgers
2019-08-17,64423,35762,23,Russian,4.0,0.0,Russian
2019-06-02,19666,12898,25,Chinese,3.0,0.0,Chinese
2019-07-08,44110,30607,23,Burgers,38.0,1.0,Burgers
2019-09-07,61281,41402,25,Pizza,10.0,0.0,Pizza
2019-06-24,44464,31219,24,Burgers,1.0,0.0,Burgers
2019-09-15,62811,41442,26,Russian,1.0,0.0,Russian
2019-08-30,42375,30186,25,Burgers,29.0,0.0,Burgers
2019-08-25,56454,38515,26,Kebabs,1.0,0.0,Kebabs
2019-07-19,61249,41348,23,Kebabs,1.0,0.0,Kebabs
2019-07-08,58303,39827,24,Chinese,3.0,0.0,Chinese
2019-06-26,53436,36439,24,Chinese,7.0,0.0,Chinese
2019-06-27,48261,33359,26,Russian,1.0,1.0,Russian
2019-07-06,65125,42928,24,Pizza,2.0,0.0,Pizza
2019-06-27,56220,38376,25,Georgian,7.0,0.0,Georgian
2019-08-16,53614,36547,23,Burgers,3.0,0.0,Burgers
2019-08-17,51219,31065,26,Shawarma,0.0,1.0,Shawarma
2019-08-03,42675,30408,23,Burgers,22.0,0.0,Burgers
2019-08-16,71025,36270,23,Japanese,1.0,0.0,Japanese
2019-06-11,56519,37877,23,Sandwiches,10.0,1.0,Sandwiches
2019-08-01,45262,31634,26,Burgers,1.0,0.0,Burgers
2019-07-05,56197,38361,23,Meat,3.0,0.0,Meat
2019-08-06,56207,37877,23,Sandwiches,3.0,0.0,Sandwiches
2019-07-08,25401,17786,26,Fish,1.0,0.0,Fish
2019-09-12,53614,36547,23,Burgers,2.0,0.0,Burgers
2019-06-10,36360,26823,25,Sushi,1.0,0.0,Sushi
2019-09-12,71025,36270,23,Japanese,6.0,0.0,Japanese
2019-09-19,45319,31661,23,Burgers,10.0,0.0,Burgers
2019-07-02,40065,7501,23,Sushi,54.0,1.0,Sushi
2019-08-27,48058,33226,23,Shawarma,0.0,0.0,Shawarma
2019-09-25,35430,26220,25,Pizza,2.0,0.0,Pizza
2019-09-21,56553,38601,23,Kebabs,1.0,0.0,Kebabs
2019-09-21,43919,30984,25,Sushi,6.0,0.0,Sushi
2019-06-13,53006,36214,26,Georgian,2.0,0.0,Georgian
2019-07-07,28982,20651,24,Sushi,0.0,1.0,Sushi
2019-08-01,45472,30409,24,Burgers,37.0,4.0,Burgers
2019-07-03,65358,43034,23,Russian,1.0,0.0,Russian
2019-09-19,60878,41231,23,Russian,4.0,0.0,Russian
2019-06-15,57094,38968,26,Pizza,3.0,0.0,Pizza
2019-09-09,51224,31065,26,Shawarma,2.0,0.0,Shawarma
2019-08-17,45086,31545,23,Pizza,2.0,0.0,Pizza
2019-06-15,43771,27316,25,Burgers,35.0,0.0,Burgers
2019-07-14,18473,11886,24,Meat,2.0,0.0,Meat
2019-07-12,41145,29659,26,Pizza,1.0,0.0,Pizza
2019-07-23,8465,4877,25,Sushi,4.0,0.0,Sushi
2019-06-17,35659,26353,25,Meat,2.0,0.0,Meat
2019-09-11,52926,36164,23,Shawarma,1.0,0.0,Shawarma
2019-09-24,53692,36597,24,Vietnamese,7.0,0.0,Vietnamese
2019-06-09,58331,39847,24,Russian,4.0,0.0,Russian
2019-06-25,50074,34479,23,Shawarma,3.0,0.0,Shawarma
2019-09-29,49442,34061,26,Russian,2.0,0.0,Russian
2019-07-15,36405,26847,23,Kebabs,9.0,1.0,Kebabs
2019-07-22,64130,37164,25,Meat,6.0,0.0,Meat
2019-09-27,56519,37877,23,Sandwiches,5.0,0.0,Sandwiches
2019-09-10,39217,25818,25,Pizza,1.0,0.0,Pizza
2019-09-18,57505,39258,26,Georgian,2.0,0.0,Georgian
2019-06-15,9068,3323,26,Pizza,14.0,0.0,Pizza
2019-08-12,62433,41772,25,Lunches,9.0,0.0,Lunches
2019-07-24,35659,26353,25,Meat,1.0,0.0,Meat
2019-06-10,45142,31577,26,Pan-Asian,3.0,0.0,Pan-Asian
2019-07-28,35361,26170,23,Pizza,2.0,0.0,Pizza
2019-06-23,43311,30687,24,Burgers,5.0,0.0,Burgers
2019-08-25,41453,29807,26,Sushi,0.0,0.0,Sushi
2019-08-20,59257,40407,24,Pizza,2.0,0.0,Pizza
2019-08-17,45071,23027,25,Fish,3.0,0.0,Fish
2019-09-15,73304,36246,24,Georgian,3.0,0.0,Georgian
2019-07-02,41130,29648,26,Vietnamese,5.0,0.0,Vietnamese
2019-06-02,20967,14034,24,Pizza,90.0,3.0,Pizza
2019-06-20,49070,33859,25,Sushi,11.0,0.0,Sushi
2019-08-26,44416,30186,25,Burgers,34.0,0.0,Burgers
2019-07-03,39066,28550,24,Sushi,10.0,0.0,Sushi
2019-08-21,37986,27838,23,Russian,2.0,0.0,Russian
2019-07-13,16385,10371,26,Pies,1.0,0.0,Pies
2019-08-23,50600,34808,26,Meat,2.0,0.0,Meat
2019-09-16,70937,45518,23,Kebabs,1.0,0.0,Kebabs
2019-07-22,54446,37156,25,Meat,6.0,0.0,Meat
2019-08-21,53909,36751,25,Kebabs,12.0,0.0,Kebabs
2019-09-17,65862,43279,24,Russian,0.0,1.0,Russian
2019-08-31,62647,41884,26,Pizza,2.0,0.0,Pizza
2019-07-03,61086,39006,26,Coffee and tea,1.0,0.0,Coffee and tea
2019-07-26,66582,36354,23,Sushi,1.0,1.0,Sushi
2019-09-22,52092,35732,23,Sushi,2.0,0.0,Sushi
2019-09-15,64793,42805,26,Kebabs,1.0,0.0,Kebabs
2019-08-28,49754,34277,23,Pizza,0.0,0.0,Pizza
2019-09-10,30475,21906,24,Pizza,6.0,0.0,Pizza
2019-07-08,45422,31712,26,Baking,4.0,0.0,Baking
2019-09-28,57319,39087,26,Shawarma,2.0,0.0,Shawarma
2019-08-23,57348,39137,24,Russian,1.0,0.0,Russian
2019-07-20,44278,31138,23,Sushi,12.0,0.0,Sushi
2019-07-14,29376,21014,25,Sushi,16.0,2.0,Sushi
2019-09-03,53947,36780,25,Dessert,6.0,0.0,Dessert
2019-09-21,64425,35762,23,Russian,4.0,0.0,Russian
2019-07-25,40068,7501,23,Sushi,4.0,1.0,Sushi
2019-07-06,65356,43034,23,Russian,1.0,0.0,Russian
2019-07-31,49659,26847,23,Kebabs,1.0,0.0,Kebabs
2019-09-13,47855,30729,25,Burgers,63.0,7.0,Burgers
2019-06-02,59051,40280,26,Sushi,15.0,0.0,Sushi
2019-09-29,61735,41537,24,Chinese,2.0,0.0,Chinese
2019-08-22,61796,37246,26,Sandwiches,10.0,1.0,Sandwiches
2019-09-08,59515,30729,25,Burgers,112.0,1.0,Burgers
2019-09-09,11517,6869,26,Sushi,5.0,0.0,Sushi
2019-08-16,12057,7240,26,Sushi,6.0,1.0,Sushi
2019-08-16,47029,32543,23,Meat,7.0,2.0,Meat
2019-08-11,49754,34277,23,Pizza,2.0,0.0,Pizza
2019-07-12,36014,26442,23,Pizza,7.0,0.0,Pizza
2019-09-20,67139,36803,24,Sandwiches,2.0,0.0,Sandwiches
2019-08-20,41693,29925,26,Burgers,22.0,1.0,Burgers
2019-08-31,57054,38936,23,Kebabs,1.0,0.0,Kebabs
2019-08-08,61256,41388,24,Kebabs,1.0,0.0,Kebabs
2019-08-16,57343,39133,25,Sushi,7.0,0.0,Sushi
2019-08-31,42199,30186,25,Burgers,12.0,0.0,Burgers
2019-07-22,41726,29925,26,Burgers,9.0,0.0,Burgers
2019-09-12,47029,32543,23,Meat,2.0,0.0,Meat
2019-07-24,53355,29925,26,Burgers,23.0,0.0,Burgers
2019-09-12,12057,7240,26,Sushi,3.0,0.0,Sushi
2019-08-18,55984,37203,23,Pizza,2.0,0.0,Pizza
2019-07-04,37341,27383,25,Sushi,0.0,1.0,Sushi
2019-06-29,44157,31065,26,Shawarma,7.0,0.0,Shawarma
2019-09-04,48191,33305,23,Sushi,2.0,0.0,Sushi
2019-09-12,57343,39133,25,Sushi,3.0,0.0,Sushi
2019-09-26,36688,27029,24,Kebabs,2.0,0.0,Kebabs
2019-09-27,44365,31162,26,Burgers,55.0,20.0,Burgers
2019-07-18,51808,33403,23,Healthly food,3.0,0.0,Healthly food
2019-07-17,31644,22896,23,Pizza,9.0,0.0,Pizza
2019-07-28,52681,36017,23,Sushi,0.0,0.0,Sushi
2019-09-30,14180,8791,26,Kebabs,1.0,1.0,Kebabs
2019-09-16,53000,36208,23,Italian,1.0,0.0,Italian
2019-06-17,53355,29925,26,Burgers,32.0,2.0,Burgers
2019-08-09,38451,28144,23,Sushi,1.0,0.0,Sushi
2019-08-19,44287,31139,24,Sushi,1.0,0.0,Sushi
2019-09-29,46308,32134,25,Kebabs,3.0,0.0,Kebabs
2019-07-04,55255,37719,26,Pizza,5.0,1.0,Pizza
2019-09-14,47975,26148,25,Pizza,2.0,0.0,Pizza
2019-06-07,53440,36440,26,Meat,1.0,0.0,Meat
2019-06-20,24156,16039,23,Pizza,23.0,2.0,Pizza
2019-06-09,58869,40171,23,Dessert,4.0,0.0,Dessert
2019-06-26,43917,30982,26,Russian,2.0,0.0,Russian
2019-09-01,73304,36246,24,Georgian,1.0,0.0,Georgian
2019-07-28,57317,39087,26,Shawarma,5.0,0.0,Shawarma
2019-08-09,44116,30607,23,Burgers,51.0,1.0,Burgers
2019-06-22,28982,20651,24,Sushi,3.0,0.0,Sushi
2019-07-26,65943,30047,25,Burgers,4.0,0.0,Burgers
2019-06-06,19079,4346,26,Sushi,2.0,0.0,Sushi
2019-06-11,39878,29032,26,Sushi,3.0,0.0,Sushi
2019-07-19,64103,42470,24,Pizza,1.0,0.0,Pizza
2019-08-31,38301,28037,25,Sushi,1.0,1.0,Sushi
2019-08-03,36688,27029,24,Kebabs,2.0,0.0,Kebabs
2019-09-19,53993,36803,24,Sandwiches,3.0,2.0,Sandwiches
2019-07-09,42195,30186,25,Burgers,44.0,1.0,Burgers
2019-09-10,67391,44071,23,Burgers,0.0,0.0,Burgers
2019-06-22,23481,16176,25,Meat,1.0,0.0,Meat
2019-07-12,63051,42036,25,unknown,8.0,0.0,unknown
2019-09-29,52109,35732,23,Sushi,6.0,0.0,Sushi
2019-07-16,39207,28639,26,Sushi,0.0,1.0,Sushi
2019-08-05,49199,33945,25,Sushi,4.0,0.0,Sushi
2019-09-01,64793,42805,26,Kebabs,1.0,0.0,Kebabs
2019-09-08,72168,45927,24,Fast food,1.0,0.0,Fast food
2019-08-06,56896,29655,26,Meat,2.0,0.0,Meat
2019-07-16,25401,17786,26,Fish,1.0,0.0,Fish
2019-07-14,53615,36547,23,Burgers,5.0,0.0,Burgers
2019-09-19,53913,36755,24,Sushi,2.0,0.0,Sushi
2019-08-15,62988,42013,23,Sushi,3.0,0.0,Sushi
2019-07-23,24156,16039,23,Pizza,15.0,1.0,Pizza
2019-06-15,7201,4085,26,Fish,10.0,0.0,Fish
2019-08-09,40069,7501,23,Sushi,2.0,0.0,Sushi
2019-09-12,52952,35762,23,Russian,1.0,0.0,Russian
2019-09-08,52097,35732,23,Sushi,3.0,0.0,Sushi
2019-07-03,45805,31878,25,Georgian,7.0,0.0,Georgian
2019-07-04,59009,40173,24,Fast food,0.0,1.0,Fast food
2019-06-16,48952,33773,26,Georgian,3.0,0.0,Georgian
2019-07-16,58303,39827,24,Chinese,5.0,0.0,Chinese
2019-06-05,47837,33085,26,Pizza,3.0,0.0,Pizza
2019-08-13,63187,42083,23,Russian,2.0,0.0,Russian
2019-08-16,52952,35762,23,Russian,5.0,0.0,Russian
2019-08-22,44632,31326,25,Sushi,0.0,0.0,Sushi
2019-06-16,53642,36569,25,Sandwiches,35.0,0.0,Sandwiches
2019-09-29,45378,30802,25,Burgers,8.0,0.0,Burgers
2019-07-10,7153,4049,24,Sushi,14.0,3.0,Sushi
2019-08-31,56759,38758,23,Kebabs,2.0,0.0,Kebabs
2019-08-04,58436,39911,25,Sushi,2.0,0.0,Sushi
2019-09-18,72705,46112,24,Uzbek,6.0,0.0,Uzbek
2019-08-17,16385,10371,26,Pies,6.0,0.0,Pies
2019-09-30,46728,32362,23,Pizza,3.0,0.0,Pizza
2019-07-06,29267,20920,24,Pizza,3.0,0.0,Pizza
2019-07-27,40061,7501,23,Sushi,15.0,0.0,Sushi
2019-07-16,44110,30607,23,Burgers,36.0,6.0,Burgers
2019-09-05,69711,44910,25,Uzbek,6.0,0.0,Uzbek
2019-09-11,53886,36734,24,Meat,0.0,4.0,Meat
2019-08-22,48286,33373,25,Shawarma,1.0,0.0,Shawarma
2019-06-09,35535,26277,26,Georgian,1.0,0.0,Georgian
2019-07-08,41134,29652,26,Mexican,1.0,0.0,Mexican
2019-08-28,71022,36270,23,Japanese,12.0,2.0,Japanese
2019-06-25,48430,33476,25,Pizza,0.0,1.0,Pizza
2019-07-27,45707,31839,23,Georgian,1.0,0.0,Georgian
2019-08-06,65636,32362,23,Pizza,3.0,0.0,Pizza
2019-09-03,22281,15167,26,Sushi,15.0,0.0,Sushi
2019-06-27,36688,27029,24,Kebabs,1.0,1.0,Kebabs
2019-06-27,36228,3323,26,Pizza,27.0,0.0,Pizza
2019-09-18,12153,3158,25,Sushi,5.0,0.0,Sushi
2019-08-28,56622,38654,24,Meat,1.0,0.0,Meat
2019-08-29,41145,29659,26,Pizza,1.0,0.0,Pizza
2019-09-19,54613,37273,23,Lunches,17.0,0.0,Lunches
2019-07-23,49070,33859,25,Sushi,3.0,1.0,Sushi
2019-06-13,56461,38521,23,Georgian,3.0,0.0,Georgian
2019-09-28,20972,14039,26,Pizza,89.0,3.0,Pizza
2019-07-17,8063,4603,26,Pizza,16.0,0.0,Pizza
2019-09-22,24152,16039,23,Pizza,16.0,0.0,Pizza
2019-08-30,55953,38184,24,Italian,2.0,0.0,Italian
2019-08-16,65366,43034,23,Russian,8.0,0.0,Russian
2019-09-19,73404,46438,25,Russian,13.0,0.0,Russian
2019-07-05,56210,37877,23,Sandwiches,6.0,1.0,Sandwiches
2019-06-24,44278,31138,23,Sushi,4.0,2.0,Sushi
2019-08-04,7503,4234,26,Russian,2.0,0.0,Russian
2019-09-04,13629,8357,23,Pizza,12.0,0.0,Pizza
2019-08-21,31493,22757,24,Kebabs,4.0,0.0,Kebabs
2019-09-16,40066,7501,23,Sushi,10.0,0.0,Sushi
2019-08-22,48405,33460,24,Pizza,1.0,0.0,Pizza
2019-08-25,41782,29996,25,Uzbek,1.0,0.0,Uzbek
2019-06-13,49504,34114,26,Pizza,2.0,0.0,Pizza
2019-09-12,65366,43034,23,Russian,3.0,0.0,Russian
2019-09-13,55265,37727,26,Fast food,3.0,1.0,Fast food
2019-09-07,55984,37203,23,Pizza,1.0,0.0,Pizza
2019-09-24,52714,36045,23,Chinese,0.0,0.0,Chinese
2019-08-24,44360,31162,26,Burgers,47.0,3.0,Burgers
2019-08-24,71142,45630,25,Fast food,1.0,1.0,Fast food
2019-08-29,63051,42036,25,unknown,7.0,1.0,unknown
2019-09-16,43104,30607,23,Burgers,76.0,2.0,Burgers
2019-09-29,75772,47098,26,Japanese,1.0,0.0,Japanese
2019-09-10,74048,26819,25,Sandwiches,8.0,0.0,Sandwiches
2019-06-29,38714,28321,23,Burgers,59.0,0.0,Burgers
2019-08-06,59228,31712,26,Baking,1.0,0.0,Baking
2019-08-24,55666,37988,25,Sushi,6.0,0.0,Sushi
2019-08-01,53105,36262,23,Italian,6.0,0.0,Italian
2019-09-11,48910,33742,25,Fast food,27.0,0.0,Fast food
2019-07-12,53704,36072,26,Uzbek,1.0,0.0,Uzbek
2019-07-14,54455,37164,25,Meat,3.0,0.0,Meat
2019-08-29,69407,44780,26,Shawarma,1.0,0.0,Shawarma
2019-08-26,62995,42018,23,Shawarma,1.0,0.0,Shawarma
2019-09-18,75451,47404,23,Pies,2.0,0.0,Pies
2019-06-16,44160,31065,26,Shawarma,4.0,0.0,Shawarma
2019-08-20,64674,42754,25,Meat,14.0,0.0,Meat
2019-06-03,58052,39650,23,Fast food,1.0,0.0,Fast food
2019-07-14,5342,3066,25,Pizza,6.0,0.0,Pizza
2019-07-21,54575,37246,26,Sandwiches,13.0,0.0,Sandwiches
2019-06-21,4796,2726,25,Pizza,25.0,0.0,Pizza
2019-08-02,50468,34720,25,Fast food,1.0,0.0,Fast food
2019-07-15,51237,31065,26,Shawarma,3.0,0.0,Shawarma
2019-06-10,38037,27874,24,Sushi,11.0,0.0,Sushi
2019-08-01,56475,38535,23,Kebabs,2.0,1.0,Kebabs
2019-08-27,42377,30186,25,Burgers,2.0,0.0,Burgers
2019-09-27,39878,29032,26,Sushi,10.0,0.0,Sushi
2019-06-15,44354,31162,26,Burgers,66.0,1.0,Burgers
2019-09-26,53627,36555,24,Burgers,3.0,0.0,Burgers
2019-09-12,71151,45620,25,Fast food,1.0,0.0,Fast food
2019-09-28,51225,31065,26,Shawarma,2.0,1.0,Shawarma
2019-08-03,53627,36555,24,Burgers,7.0,0.0,Burgers
2019-07-23,38454,28146,23,Sushi,9.0,0.0,Sushi
2019-07-11,43603,30802,25,Burgers,12.0,4.0,Burgers
2019-08-15,42198,30186,25,Burgers,22.0,3.0,Burgers
2019-09-13,57581,39322,24,Sushi,7.0,0.0,Sushi
2019-09-06,56220,38376,25,Georgian,3.0,0.0,Georgian
2019-09-06,48261,33359,26,Russian,1.0,0.0,Russian
2019-07-11,42276,30227,23,Sushi,1.0,0.0,Sushi
2019-08-04,48843,28747,24,Burgers,2.0,0.0,Burgers
2019-09-07,53296,36387,26,Soups,4.0,0.0,Soups
2019-07-20,59604,40596,25,Fast food,1.0,0.0,Fast food
2019-09-03,54681,37308,23,Pizza,10.0,0.0,Pizza
2019-09-17,12276,7400,24,Shashlik,6.0,0.0,Shashlik
2019-08-02,51225,31065,26,Shawarma,3.0,0.0,Shawarma
2019-09-07,24550,17079,23,Sushi,19.0,1.0,Sushi
2019-09-25,27683,19664,25,Burgers,4.0,0.0,Burgers
2019-08-27,71544,45823,23,Shashlik,3.0,2.0,Shashlik
2019-07-14,65637,37048,23,Georgian,1.0,0.0,Georgian
2019-06-25,44360,31162,26,Burgers,72.0,3.0,Burgers
2019-07-01,42860,26442,23,Pizza,3.0,0.0,Pizza
2019-07-15,58281,39813,24,Sushi,1.0,0.0,Sushi
2019-06-11,57675,39382,23,Kebabs,4.0,0.0,Kebabs
2019-07-17,52106,35732,23,Sushi,1.0,0.0,Sushi
2019-06-22,63038,42032,23,unknown,5.0,0.0,unknown
2019-07-17,56213,37877,23,Sandwiches,2.0,1.0,Sandwiches
2019-06-03,47972,33171,25,Fast food,1.0,0.0,Fast food
2019-06-07,40068,7501,23,Sushi,6.0,0.0,Sushi
2019-09-27,76395,42012,25,Russian,0.0,3.0,Russian
2019-07-16,45422,31712,26,Baking,5.0,0.0,Baking
2019-06-20,38454,28146,23,Sushi,12.0,0.0,Sushi
2019-08-19,48931,33761,23,Meat,1.0,0.0,Meat
2019-08-19,38790,28379,26,Chinese,18.0,1.0,Chinese
2019-09-09,36405,26847,23,Kebabs,5.0,0.0,Kebabs
2019-09-08,39109,28580,25,Baking,1.0,0.0,Baking
2019-07-26,64162,42500,26,Sushi,8.0,0.0,Sushi
2019-08-26,35361,26170,23,Pizza,3.0,0.0,Pizza
2019-09-22,45351,31679,23,Vietnamese,2.0,0.0,Vietnamese
2019-08-19,42858,26442,23,Pizza,3.0,0.0,Pizza
2019-08-23,41679,29925,26,Burgers,101.0,6.0,Burgers
2019-08-01,62179,41703,25,Sushi,1.0,0.0,Sushi
2019-09-28,56684,38685,26,Meat,1.0,1.0,Meat
2019-07-15,51224,31065,26,Shawarma,12.0,3.0,Shawarma
2019-09-02,44612,27303,23,Sushi,1.0,0.0,Sushi
2019-09-17,57473,39231,26,Sandwiches,6.0,0.0,Sandwiches
2019-07-13,64423,35762,23,Russian,24.0,0.0,Russian
2019-06-21,45141,31576,24,Burgers,1.0,0.0,Burgers
2019-06-06,41132,29650,26,Russian,1.0,0.0,Russian
2019-08-30,19346,12602,26,Sushi,30.0,0.0,Sushi
2019-08-04,44190,31065,26,Shawarma,1.0,0.0,Shawarma
2019-09-14,62041,41643,25,Sushi,1.0,0.0,Sushi
2019-07-07,57058,38940,25,Georgian,5.0,0.0,Georgian
2019-07-13,56158,38333,25,Kebabs,1.0,0.0,Kebabs
2019-07-07,57090,38966,25,Sushi,1.0,0.0,Sushi
2019-07-28,44416,30186,25,Burgers,29.0,0.0,Burgers
2019-09-23,71272,45695,26,Pizza,1.0,0.0,Pizza
2019-08-10,67935,44305,23,Pizza,2.0,0.0,Pizza
2019-08-18,61281,41402,25,Pizza,5.0,0.0,Pizza
2019-09-15,48407,33460,24,Pizza,0.0,1.0,Pizza
2019-08-26,63862,42358,26,Kebabs,1.0,0.0,Kebabs
2019-06-27,20898,13970,24,Pizza,1.0,0.0,Pizza
2019-06-08,53355,29925,26,Burgers,39.0,2.0,Burgers
2019-08-11,56294,38425,26,Uzbek,1.0,0.0,Uzbek
2019-07-13,51219,31065,26,Shawarma,0.0,1.0,Shawarma
2019-09-12,33356,24412,25,Pizza,1.0,0.0,Pizza
2019-08-05,52867,36143,26,Georgian,1.0,0.0,Georgian
2019-09-23,7710,4346,26,Sushi,4.0,0.0,Sushi
2019-07-02,12526,7589,26,Kebabs,2.0,0.0,Kebabs
2019-07-06,46744,32373,24,Sushi,3.0,0.0,Sushi
2019-07-23,67450,35734,25,Sushi,6.0,0.0,Sushi
2019-07-27,47649,32969,26,Fast food,4.0,0.0,Fast food
2019-08-21,57975,36907,26,Lunches,4.0,0.0,Lunches
2019-08-24,50074,34479,23,Shawarma,2.0,0.0,Shawarma
2019-06-27,53627,36555,24,Burgers,23.0,0.0,Burgers
2019-07-04,55224,37695,24,Burgers,6.0,0.0,Burgers
2019-09-06,42675,30408,23,Burgers,49.0,3.0,Burgers
2019-09-01,32237,23414,25,Sushi,1.0,0.0,Sushi
2019-06-15,57641,36278,26,Shawarma,3.0,0.0,Shawarma
2019-08-21,66928,43550,24,Breakfast,0.0,1.0,Breakfast
2019-08-16,33356,24412,25,Pizza,2.0,0.0,Pizza
2019-07-02,43599,29925,26,Burgers,1.0,1.0,Burgers
2019-08-07,33314,24369,25,Sushi,1.0,0.0,Sushi
2019-08-31,61208,41353,23,Kebabs,2.0,0.0,Kebabs
2019-09-27,55241,36803,24,Sandwiches,5.0,1.0,Sandwiches
2019-09-26,56220,38376,25,Georgian,4.0,0.0,Georgian
2019-08-19,42811,30467,26,Pizza,18.0,0.0,Pizza
2019-09-08,65359,43034,23,Russian,1.0,0.0,Russian
2019-09-12,58036,39639,24,Pizza,1.0,3.0,Pizza
2019-09-26,48261,33359,26,Russian,2.0,0.0,Russian
2019-07-30,40066,7501,23,Sushi,5.0,0.0,Sushi
2019-09-11,43107,30607,23,Burgers,39.0,0.0,Burgers
2019-08-16,58036,39639,24,Pizza,3.0,0.0,Pizza
2019-06-05,49438,34060,26,Fast food,1.0,0.0,Fast food
2019-06-30,59604,40596,25,Fast food,2.0,0.0,Fast food
2019-08-26,57317,39087,26,Shawarma,3.0,0.0,Shawarma
2019-08-22,54361,37094,26,Indian,1.0,0.0,Indian
2019-08-27,45559,30607,23,Burgers,42.0,0.0,Burgers
2019-07-30,43104,30607,23,Burgers,80.0,4.0,Burgers
2019-07-06,55242,37709,24,Meat,1.0,0.0,Meat
2019-07-25,53440,36440,26,Meat,9.0,0.0,Meat
2019-08-28,56294,38425,26,Uzbek,5.0,0.0,Uzbek
2019-08-30,57315,39087,26,Shawarma,2.0,0.0,Shawarma
2019-06-03,38467,28151,25,Pizza,3.0,0.0,Pizza
2019-09-20,49121,31681,26,Sushi,1.0,0.0,Sushi
2019-06-14,50851,34944,24,Pizza,15.0,4.0,Pizza
2019-06-02,41152,29666,26,Meat,2.0,0.0,Meat
2019-07-15,11517,6869,26,Sushi,3.0,0.0,Sushi
2019-08-13,38467,28151,25,Pizza,10.0,0.0,Pizza
2019-09-16,69065,28321,23,Burgers,3.0,0.0,Burgers
2019-07-07,63038,42032,23,unknown,3.0,0.0,unknown
2019-07-06,37829,27726,26,Sushi,2.0,0.0,Sushi
2019-08-18,53296,36387,26,Soups,5.0,1.0,Soups
2019-08-26,52681,36017,23,Sushi,2.0,0.0,Sushi
2019-08-09,60140,40903,24,Sushi,2.0,1.0,Sushi
2019-06-08,35659,26353,25,Meat,2.0,0.0,Meat
2019-09-01,48407,33460,24,Pizza,3.0,0.0,Pizza
2019-08-03,48261,33359,26,Russian,2.0,0.0,Russian
2019-06-12,55450,37838,25,Sushi,4.0,0.0,Sushi
2019-09-19,31543,22802,26,Baking,1.0,0.0,Baking
2019-08-06,29161,20821,26,Fish,2.0,0.0,Fish
2019-08-18,24550,17079,23,Sushi,17.0,1.0,Sushi
2019-06-02,38621,28259,24,Sushi,14.0,1.0,Sushi
2019-08-15,52950,35762,23,Russian,7.0,1.0,Russian
2019-06-16,54274,37025,26,Pizza,2.0,0.0,Pizza
2019-06-22,57058,38940,25,Georgian,2.0,0.0,Georgian
2019-09-06,53627,36555,24,Burgers,7.0,0.0,Burgers
2019-09-15,32237,23414,25,Sushi,0.0,1.0,Sushi
2019-08-17,43381,30720,23,Pizza,2.0,1.0,Pizza
2019-08-03,56220,38376,25,Georgian,10.0,0.0,Georgian
2019-06-22,57090,38966,25,Sushi,5.0,0.0,Sushi
2019-08-24,48058,33226,23,Shawarma,1.0,0.0,Shawarma
2019-06-14,47797,33057,24,Soups,1.0,0.0,Soups
2019-07-26,43919,30984,25,Sushi,3.0,0.0,Sushi
2019-09-09,54966,37521,23,Baking,1.0,0.0,Baking
2019-07-26,56553,38601,23,Shashlik,1.0,0.0,Shashlik
2019-06-24,61039,41289,24,Pizza,1.0,1.0,Pizza
2019-08-30,59079,40305,25,Georgian,2.0,0.0,Georgian
2019-07-15,57505,39258,26,Georgian,2.0,0.0,Georgian
2019-08-14,50581,29888,25,Pizza,0.0,0.0,Pizza
2019-09-02,55255,37719,26,Pizza,2.0,0.0,Pizza
2019-08-26,49439,34061,26,Russian,1.0,0.0,Russian
2019-09-18,36405,26847,23,Kebabs,2.0,0.0,Kebabs
2019-09-06,46728,32362,23,Pizza,8.0,1.0,Pizza
2019-08-30,64560,42701,24,Sushi,6.0,2.0,Sushi
2019-08-22,27683,19664,25,Burgers,16.0,0.0,Burgers
2019-08-28,38733,28334,25,Kebabs,2.0,0.0,Kebabs
2019-07-12,57903,32362,23,Pizza,1.0,0.0,Pizza
2019-09-11,64675,42754,25,Meat,6.0,0.0,Meat
2019-06-27,35414,26207,25,Sushi,14.0,0.0,Sushi
2019-09-16,60274,40969,26,Kebabs,6.0,0.0,Kebabs
2019-09-23,20805,13890,26,Pizza,1.0,0.0,Pizza
2019-06-12,50581,29888,25,Pizza,3.0,0.0,Pizza
2019-08-31,35659,26353,25,Meat,1.0,0.0,Meat
2019-09-25,60890,41235,26,Kebabs,1.0,0.0,Kebabs
2019-06-08,53902,36746,23,Dessert,0.0,0.0,Dessert
2019-07-18,59009,40173,24,Fast food,3.0,0.0,Fast food
2019-06-05,54291,37035,24,Sushi,5.0,0.0,Sushi
2019-08-08,57792,39466,23,Pizza,0.0,1.0,Pizza
2019-09-26,74252,46892,23,Shawarma,4.0,0.0,Shawarma
2019-09-13,67256,43981,23,Breakfast,2.0,0.0,Breakfast
2019-07-06,53412,36426,25,Sushi,10.0,0.0,Sushi
2019-07-21,24156,16039,23,Pizza,15.0,1.0,Pizza
2019-08-04,56721,38731,23,Uzbek,1.0,1.0,Uzbek
2019-06-19,61812,40289,23,Kebabs,1.0,1.0,Kebabs
2019-09-08,52472,35732,23,Sushi,0.0,1.0,Sushi
2019-08-18,49437,2726,25,Pizza,3.0,0.0,Pizza
2019-08-19,44359,31162,26,Burgers,60.0,5.0,Burgers
2019-06-08,61208,41353,23,Kebabs,0.0,2.0,Kebabs
2019-07-24,62647,41884,26,Pizza,2.0,0.0,Pizza
2019-06-29,12276,7400,24,Kebabs,14.0,0.0,Kebabs
2019-08-05,47301,32732,26,Pizza,1.0,0.0,Pizza
2019-06-23,34712,25605,25,Sushi,2.0,0.0,Sushi
2019-09-21,66582,36354,23,Sushi,1.0,0.0,Sushi
2019-06-09,50851,34944,24,Pizza,8.0,0.0,Pizza
